prompt,observation.state,action,timestamp,index,episode_index,frame_index,task_index,observation.image.top_rgb,observation.image.right_rgb,observation.image.left_rgb
fold the garment on the table,"[-1.2365046739578247, -1.688497543334961, 1.4919660091400146, 1.0524005889892578, -0.08488346636295319, -0.011819977313280106, 1.2362107038497925, -1.6885000467300415, 1.4919681549072266, 1.0524005889892578, -0.08488551527261734, -0.011819668114185333]","[0.012210122309625149, -1.7089682817459106, 1.5280171632766724, 1.1703972816467285, -0.12235857546329498, -0.14275191724300385, 0.03244440257549286, -1.704451560974121, 1.5259838104248047, 1.184740424156189, 0.09559479355812073, -0.14782695472240448]",0.0,67959,200,0,0,./sample_episode_images/episode_200/top/frame_008229.jpg,./sample_episode_images/episode_200/right/frame_000000.jpg,./sample_episode_images/episode_200/left/frame_008229.jpg
fold the garment on the table,"[-1.1300597190856934, -1.6988500356674194, 1.4922715425491333, 1.0813754796981812, -0.09464265406131744, -0.04824531450867653, 1.1301320791244507, -1.6977386474609375, 1.491241693496704, 1.0843605995178223, -0.03526133671402931, -0.04955020546913147]","[0.013646607287228107, -1.7089682817459106, 1.5280171632766724, 1.1703972816467285, -0.12235857546329498, -0.14275191724300385, 0.03244440257549286, -1.704451560974121, 1.5259838104248047, 1.184740424156189, 0.09559479355812073, -0.14782695472240448]",0.03333333507180214,67960,200,1,0,./sample_episode_images/episode_200/top/frame_008230.jpg,./sample_episode_images/episode_200/right/frame_000001.jpg,./sample_episode_images/episode_200/left/frame_008230.jpg
fold the garment on the table,"[-1.0189433097839355, -1.7034165859222412, 1.4989416599273682, 1.1046817302703857, -0.10240478813648224, -0.07461381703615189, 1.0190155506134033, -1.7013717889785767, 1.4974027872085571, 1.1108434200286865, 0.0013903903309255838, -0.07697245478630066]","[0.009337152354419231, -1.7089682817459106, 1.5280171632766724, 1.1703972816467285, -0.12091054767370224, -0.14275191724300385, 0.03244440257549286, -1.704451560974121, 1.5259838104248047, 1.184740424156189, 0.09559479355812073, -0.14782695472240448]",0.06666667014360428,67961,200,2,0,./sample_episode_images/episode_200/top/frame_008231.jpg,./sample_episode_images/episode_200/right/frame_000002.jpg,./sample_episode_images/episode_200/left/frame_008231.jpg
fold the garment on the table,"[-0.907825767993927, -1.705106258392334, 1.5072708129882812, 1.1223219633102417, -0.10758784413337708, -0.09363671392202377, 0.9079024791717529, -1.702301263809204, 1.5056266784667969, 1.130829930305481, 0.02777244709432125, -0.09675698727369308]","[0.012210122309625149, -1.7089682817459106, 1.5280171632766724, 1.1703972816467285, -0.12235857546329498, -0.14275191724300385, 0.03244440257549286, -1.704451560974121, 1.5259838104248047, 1.184740424156189, 0.09559479355812073, -0.14782695472240448]",0.10000000149011612,67962,200,3,0,./sample_episode_images/episode_200/top/frame_008232.jpg,./sample_episode_images/episode_200/right/frame_000003.jpg,./sample_episode_images/episode_200/left/frame_008232.jpg
fold the garment on the table,"[-0.796708881855011, -1.7056758403778076, 1.514684796333313, 1.1353347301483154, -0.11172045022249222, -0.10734878480434418, 0.7967923879623413, -1.7022982835769653, 1.5130654573440552, 1.145547866821289, 0.04676494002342224, -0.11101838946342468]","[0.013646607287228107, -1.7089682817459106, 1.5280171632766724, 1.1703972816467285, -0.12235857546329498, -0.14275191724300385, 0.03244440257549286, -1.704451560974121, 1.5259838104248047, 1.184740424156189, 0.09559479355812073, -0.14782695472240448]",0.13333334028720856,67963,200,4,0,./sample_episode_images/episode_200/top/frame_008233.jpg,./sample_episode_images/episode_200/right/frame_000004.jpg,./sample_episode_images/episode_200/left/frame_008233.jpg
fold the garment on the table,"[-0.6855916976928711, -1.7059814929962158, 1.5202133655548096, 1.1447043418884277, -0.11469775438308716, -0.11722464114427567, 0.6856834888458252, -1.7022019624710083, 1.5186201333999634, 1.156139850616455, 0.06043850630521774, -0.12128976732492447]","[0.015083092264831066, -1.7089682817459106, 1.5280171632766724, 1.1703972816467285, -0.12235857546329498, -0.14275191724300385, 0.03244440257549286, -1.704451560974121, 1.5259838104248047, 1.184740424156189, 0.09559479355812073, -0.14782695472240448]",0.1666666716337204,67964,200,5,0,./sample_episode_images/episode_200/top/frame_008234.jpg,./sample_episode_images/episode_200/right/frame_000005.jpg,./sample_episode_images/episode_200/left/frame_008234.jpg
fold the garment on the table,"[-0.5744743347167969, -1.706351399421692, 1.5238033533096313, 1.1513062715530396, -0.11684127151966095, -0.12433242052793503, 0.5745757818222046, -1.7023046016693115, 1.5221973657608032, 1.1636067628860474, 0.07028298825025558, -0.12868191301822662]","[0.0165195781737566, -1.7089682817459106, 1.5280171632766724, 1.1703972816467285, -0.12235857546329498, -0.14275191724300385, 0.03244440257549286, -1.704451560974121, 1.5259838104248047, 1.184740424156189, 0.09559479355812073, -0.14782695472240448]",0.20000000298023224,67965,200,6,0,./sample_episode_images/episode_200/top/frame_008235.jpg,./sample_episode_images/episode_200/right/frame_000006.jpg,./sample_episode_images/episode_200/left/frame_008235.jpg
fold the garment on the table,"[-0.46335697174072266, -1.706846833229065, 1.525816798210144, 1.1558736562728882, -0.11838444322347641, -0.1294451355934143, 0.4634692370891571, -1.702629804611206, 1.5241619348526, 1.1687816381454468, 0.07737056910991669, -0.13399888575077057]","[0.0165195781737566, -1.7089682817459106, 1.5280171632766724, 1.1703972816467285, -0.12235857546329498, -0.14275191724300385, 0.028212523087859154, -1.7029917240142822, 1.5259838104248047, 1.184740424156189, 0.09559479355812073, -0.14782695472240448]",0.23333333432674408,67966,200,7,0,./sample_episode_images/episode_200/top/frame_008236.jpg,./sample_episode_images/episode_200/right/frame_000007.jpg,./sample_episode_images/episode_200/left/frame_008236.jpg
fold the garment on the table,"[-0.3522394597530365, -1.7074207067489624, 1.526725172996521, 1.158989429473877, -0.11949525773525238, -0.13312141597270966, 0.3524130582809448, -1.702772617340088, 1.5249425172805786, 1.1722999811172485, 0.08247871696949005, -0.13782024383544922]","[0.0165195781737566, -1.7089682817459106, 1.5280171632766724, 1.1703972816467285, -0.12235857546329498, -0.14275191724300385, 0.028212523087859154, -1.7029917240142822, 1.5259838104248047, 1.184740424156189, 0.09559479355812073, -0.14782695472240448]",0.2666666805744171,67967,200,8,0,./sample_episode_images/episode_200/top/frame_008237.jpg,./sample_episode_images/episode_200/right/frame_000008.jpg,./sample_episode_images/episode_200/left/frame_008237.jpg
fold the garment on the table,"[-0.24559946358203888, -1.7079943418502808, 1.5269570350646973, 1.161048173904419, -0.12039531767368317, -0.13575519621372223, 0.2542634606361389, -1.702986478805542, 1.5250942707061768, 1.1748017072677612, 0.08631858229637146, -0.140557661652565]","[0.0165195781737566, -1.7089682817459106, 1.5280171632766724, 1.1703972816467285, -0.12235857546329498, -0.14275191724300385, 0.028212523087859154, -1.7029917240142822, 1.5259838104248047, 1.184740424156189, 0.09559479355812073, -0.14782695472240448]",0.30000001192092896,67968,200,9,0,./sample_episode_images/episode_200/top/frame_008238.jpg,./sample_episode_images/episode_200/right/frame_000009.jpg,./sample_episode_images/episode_200/left/frame_008238.jpg
fold the garment on the table,"[-0.16435305774211884, -1.708461046218872, 1.5269076824188232, 1.1626840829849243, -0.12112125009298325, -0.1376548558473587, 0.18391898274421692, -1.7031521797180176, 1.5251026153564453, 1.177022933959961, 0.08907711505889893, -0.1425497978925705]","[0.0165195781737566, -1.7089682817459106, 1.5280171632766724, 1.1703972816467285, -0.12235857546329498, -0.14275191724300385, 0.028212523087859154, -1.7029917240142822, 1.5259838104248047, 1.184740424156189, 0.09559479355812073, -0.14782695472240448]",0.3333333432674408,67969,200,10,0,./sample_episode_images/episode_200/top/frame_008239.jpg,./sample_episode_images/episode_200/right/frame_000010.jpg,./sample_episode_images/episode_200/left/frame_008239.jpg
fold the garment on the table,"[-0.10787602514028549, -1.708756446838379, 1.5268994569778442, 1.1643036603927612, -0.12159920483827591, -0.1390470713376999, 0.1353396773338318, -1.7032041549682617, 1.5251951217651367, 1.178939938545227, 0.09101630002260208, -0.144003763794899]","[0.0165195781737566, -1.7089682817459106, 1.5280171632766724, 1.1703972816467285, -0.12235857546329498, -0.13841813802719116, 0.028212523087859154, -1.7029917240142822, 1.5259838104248047, 1.184740424156189, 0.09559479355812073, -0.14782695472240448]",0.36666667461395264,67970,200,11,0,./sample_episode_images/episode_200/top/frame_008240.jpg,./sample_episode_images/episode_200/right/frame_000011.jpg,./sample_episode_images/episode_200/left/frame_008240.jpg
fold the garment on the table,"[-0.06901330500841141, -1.7088937759399414, 1.527036428451538, 1.1657482385635376, -0.12190312147140503, -0.13885511457920074, 0.10191845893859863, -1.703176498413086, 1.52538001537323, 1.1804853677749634, 0.09237704426050186, -0.14506185054779053]","[0.017956063151359558, -1.7089682817459106, 1.5280171632766724, 1.1703972816467285, -0.12235857546329498, -0.13841813802719116, 0.028212523087859154, -1.7029917240142822, 1.5259838104248047, 1.184740424156189, 0.09559479355812073, -0.14782695472240448]",0.4000000059604645,67971,200,12,0,./sample_episode_images/episode_200/top/frame_008241.jpg,./sample_episode_images/episode_200/right/frame_000012.jpg,./sample_episode_images/episode_200/left/frame_008241.jpg
fold the garment on the table,"[-0.04199335724115372, -1.7089378833770752, 1.5272608995437622, 1.166931390762329, -0.12209127843379974, -0.13872326910495758, 0.07893050462007523, -1.7031139135360718, 1.5255955457687378, 1.1816750764846802, 0.0933322012424469, -0.14582975208759308]","[0.017956063151359558, -1.7089682817459106, 1.5280171632766724, 1.1703972816467285, -0.12235857546329498, -0.13841813802719116, 0.028212523087859154, -1.7029917240142822, 1.5259838104248047, 1.184740424156189, 0.09559479355812073, -0.14782695472240448]",0.4333333373069763,67972,200,13,0,./sample_episode_images/episode_200/top/frame_008242.jpg,./sample_episode_images/episode_200/right/frame_000013.jpg,./sample_episode_images/episode_200/left/frame_008242.jpg
fold the garment on the table,"[-0.023284142836928368, -1.7089338302612305, 1.5275017023086548, 1.1678569316864014, -0.12220998108386993, -0.13863271474838257, 0.06311632692813873, -1.7030481100082397, 1.5257893800735474, 1.1825631856918335, 0.09400302916765213, -0.14638592302799225]","[0.017956063151359558, -1.7089682817459106, 1.5280171632766724, 1.1703972816467285, -0.12235857546329498, -0.14275191724300385, 0.028212523087859154, -1.7029917240142822, 1.5259838104248047, 1.184740424156189, 0.09559479355812073, -0.14782695472240448]",0.46666666865348816,67973,200,14,0,./sample_episode_images/episode_200/top/frame_008243.jpg,./sample_episode_images/episode_200/right/frame_000014.jpg,./sample_episode_images/episode_200/left/frame_008243.jpg
fold the garment on the table,"[-0.010409010574221611, -1.7089192867279053, 1.527707815170288, 1.1685551404953003, -0.12228190898895264, -0.13978007435798645, 0.05223539471626282, -1.7029964923858643, 1.5259355306625366, 1.1832104921340942, 0.09447439014911652, -0.14678800106048584]","[0.017956063151359558, -1.7089682817459106, 1.5280171632766724, 1.1703972816467285, -0.12091054767370224, -0.1441964954137802, 0.028212523087859154, -1.7029917240142822, 1.5259838104248047, 1.184740424156189, 0.09559479355812073, -0.14782695472240448]",0.5,67974,200,15,0,./sample_episode_images/episode_200/top/frame_008244.jpg,./sample_episode_images/episode_200/right/frame_000015.jpg,./sample_episode_images/episode_200/left/frame_008244.jpg
fold the garment on the table,"[-0.0015524857444688678, -1.7089030742645264, 1.5278655290603638, 1.1690784692764282, -0.12192081660032272, -0.14101359248161316, 0.044747672975063324, -1.7029629945755005, 1.5260289907455444, 1.1836732625961304, 0.0948057770729065, -0.1470782607793808]","[0.017956063151359558, -1.7089682817459106, 1.5280171632766724, 1.1703972816467285, -0.11801448464393616, -0.1441964954137802, 0.028212523087859154, -1.7029917240142822, 1.5259838104248047, 1.184740424156189, 0.09559479355812073, -0.14782695472240448]",0.5333333611488342,67975,200,16,0,./sample_episode_images/episode_200/top/frame_008245.jpg,./sample_episode_images/episode_200/right/frame_000016.jpg,./sample_episode_images/episode_200/left/frame_008245.jpg
fold the garment on the table,"[0.004540212452411652, -1.7088922262191772, 1.5279744863510132, 1.169461727142334, -0.12084533274173737, -0.14190350472927094, 0.039594411849975586, -1.7029459476470947, 1.5260778665542603, 1.1839991807937622, 0.09503886103630066, -0.14728757739067078]","[0.017956063151359558, -1.7089682817459106, 1.5280171632766724, 1.1703972816467285, -0.11656645685434341, -0.1441964954137802, 0.028212523087859154, -1.7029917240142822, 1.5259838104248047, 1.184740424156189, 0.09559479355812073, -0.14782695472240448]",0.5666666626930237,67976,200,17,0,./sample_episode_images/episode_200/top/frame_008246.jpg,./sample_episode_images/episode_200/right/frame_000017.jpg,./sample_episode_images/episode_200/left/frame_008246.jpg
fold the garment on the table,"[0.008727299980819225, -1.7088899612426758, 1.5280400514602661, 1.1697368621826172, -0.1196589544415474, -0.14254479110240936, 0.03604749217629433, -1.7029412984848022, 1.5260943174362183, 1.1842262744903564, 0.09520288556814194, -0.1474384367465973]","[0.017956063151359558, -1.7089682817459106, 1.52506685256958, 1.176134467124939, -0.11656645685434341, -0.1441964954137802, 0.031033774837851524, -1.7029917240142822, 1.5259838104248047, 1.184740424156189, 0.09559479355812073, -0.14782695472240448]",0.6000000238418579,67977,200,18,0,./sample_episode_images/episode_200/top/frame_008247.jpg,./sample_episode_images/episode_200/right/frame_000018.jpg,./sample_episode_images/episode_200/left/frame_008247.jpg
fold the garment on the table,"[0.011609910055994987, -1.7088677883148193, 1.5274807214736938, 1.171496033668518, -0.11879957467317581, -0.1430036723613739, 0.03420538455247879, -1.7029447555541992, 1.5260905027389526, 1.1843857765197754, 0.09532273560762405, -0.14754675328731537]","[0.017956063151359558, -1.7089682817459106, 1.5235916376113892, 1.176134467124939, -0.11511842161417007, -0.1441964954137802, 0.033855028450489044, -1.7029917240142822, 1.5259838104248047, 1.184740424156189, 0.09559479355812073, -0.14782695472240448]",0.6333333253860474,67978,200,19,0,./sample_episode_images/episode_200/top/frame_008248.jpg,./sample_episode_images/episode_200/right/frame_000019.jpg,./sample_episode_images/episode_200/left/frame_008248.jpg
fold the garment on the table,"[0.013589630834758282, -1.7087839841842651, 1.526668667793274, 1.1728956699371338, -0.11777561157941818, -0.143341064453125, 0.03379535302519798, -1.702952265739441, 1.5260766744613647, 1.1844955682754517, 0.09540609270334244, -0.14762486517429352]","[0.017956063151359558, -1.7089682817459106, 1.5235916376113892, 1.176134467124939, -0.11511842161417007, -0.1441964954137802, 0.02962314896285534, -1.704451560974121, 1.5259838104248047, 1.183306097984314, 0.09994001686573029, -0.14782695472240448]",0.6666666865348816,67979,200,20,0,./sample_episode_images/episode_200/top/frame_008249.jpg,./sample_episode_images/episode_200/right/frame_000020.jpg,./sample_episode_images/episode_200/left/frame_008249.jpg
fold the garment on the table,"[0.014948499388992786, -1.7087982892990112, 1.5258371829986572, 1.173838496208191, -0.11703475564718246, -0.14358198642730713, 0.03289836272597313, -1.7032614946365356, 1.526165246963501, 1.1842234134674072, 0.09666378796100616, -0.14768482744693756]","[0.017956063151359558, -1.7089682817459106, 1.5265419483184814, 1.1703972816467285, -0.11511842161417007, -0.1441964954137802, 0.05501442030072212, -1.704451560974121, 1.5334525108337402, 1.1359738111495972, 0.17670553922653198, -0.14782695472240448]",0.699999988079071,67980,200,21,0,./sample_episode_images/episode_200/top/frame_008250.jpg,./sample_episode_images/episode_200/right/frame_000021.jpg,./sample_episode_images/episode_200/left/frame_008250.jpg
fold the garment on the table,"[0.01587883196771145, -1.7088875770568848, 1.525722622871399, 1.172916054725647, -0.11650045216083527, -0.1437571942806244, 0.03738383948802948, -1.7030788660049438, 1.5287960767745972, 1.1716727018356323, 0.11901399493217468, -0.14776529371738434]","[0.017956063151359558, -1.7089682817459106, 1.5280171632766724, 1.1703972816467285, -0.11511842161417007, -0.1441964954137802, 0.08463756740093231, -1.7015317678451538, 1.5439088344573975, 1.0728641748428345, 0.4142441153526306, -0.1493106186389923]",0.7333333492279053,67981,200,22,0,./sample_episode_images/episode_200/top/frame_008251.jpg,./sample_episode_images/episode_200/right/frame_000022.jpg,./sample_episode_images/episode_200/left/frame_008251.jpg
fold the garment on the table,"[0.016526203602552414, -1.709044337272644, 1.5260040760040283, 1.1721006631851196, -0.11611469089984894, -0.14387597143650055, 0.049267467111349106, -1.7021331787109375, 1.5338505506515503, 1.1450042724609375, 0.20139865577220917, -0.14823776483535767]","[0.017956063151359558, -1.7089682817459106, 1.5280171632766724, 1.1703972816467285, -0.11511842161417007, -0.1441964954137802, 0.10720758885145187, -1.7000718116760254, 1.5379338264465332, 1.059955358505249, 0.502596914768219, -0.14782695472240448]",0.7666666507720947,67982,200,23,0,./sample_episode_images/episode_200/top/frame_008252.jpg,./sample_episode_images/episode_200/right/frame_000023.jpg,./sample_episode_images/episode_200/left/frame_008252.jpg
fold the garment on the table,"[0.016972484067082405, -1.7090883255004883, 1.5264480113983154, 1.171573519706726, -0.11583662033081055, -0.14396347105503082, 0.06478989869356155, -1.7012012004852295, 1.536543607711792, 1.1212512254714966, 0.2856396734714508, -0.14811338484287262]","[0.017956063151359558, -1.7089682817459106, 1.5280171632766724, 1.1703972816467285, -0.11511842161417007, -0.1441964954137802, 0.1622220128774643, -1.697152018547058, 1.5289713144302368, 1.0699955224990845, 0.5431522727012634, -0.10034968703985214]",0.800000011920929,67983,200,24,0,./sample_episode_images/episode_200/top/frame_008253.jpg,./sample_episode_images/episode_200/right/frame_000024.jpg,./sample_episode_images/episode_200/left/frame_008253.jpg
fold the garment on the table,"[0.017279423773288727, -1.7090656757354736, 1.526888370513916, 1.1712324619293213, -0.1156361848115921, -0.1440279483795166, 0.0892639234662056, -1.7000230550765991, 1.535431981086731, 1.1066147089004517, 0.3577539622783661, -0.1347368061542511]","[0.017956063151359558, -1.7089682817459106, 1.5280171632766724, 1.1703972816467285, -0.11511842161417007, -0.1441964954137802, 0.2581445872783661, -1.663573980331421, 1.5289713144302368, 1.0972474813461304, 0.6677151918411255, 0.04653312265872955]",0.8333333134651184,67984,200,25,0,./sample_episode_images/episode_200/top/frame_008254.jpg,./sample_episode_images/episode_200/right/frame_000025.jpg,./sample_episode_images/episode_200/left/frame_008254.jpg
fold the garment on the table,"[0.017490487545728683, -1.709024429321289, 1.5272581577301025, 1.1710047721862793, -0.11549168825149536, -0.14407508075237274, 0.13171930611133575, -1.6922523975372314, 1.530979037284851, 1.1025761365890503, 0.44447481632232666, -0.08400188386440277]","[0.017956063151359558, -1.7089682817459106, 1.5280171632766724, 1.1703972816467285, -0.11511842161417007, -0.1441964954137802, 0.36676278710365295, -1.594957947731018, 1.5274776220321655, 1.1130248308181763, 0.7980717420578003, 0.17857928574085236]",0.8666666746139526,67985,200,26,0,./sample_episode_images/episode_200/top/frame_008255.jpg,./sample_episode_images/episode_200/right/frame_000026.jpg,./sample_episode_images/episode_200/left/frame_008255.jpg
fold the garment on the table,"[0.017635652795433998, -1.7089864015579224, 1.5275378227233887, 1.170846939086914, -0.11538752168416977, -0.1441093385219574, 0.1931917518377304, -1.6693605184555054, 1.5250886678695679, 1.10349440574646, 0.5432246327400208, -0.010489881038665771]","[0.017956063151359558, -1.7089682817459106, 1.5280171632766724, 1.1703972816467285, -0.11511842161417007, -0.1441964954137802, 0.4640960097312927, -1.5117427110671997, 1.5215026140213013, 1.1144591569900513, 0.9269798398017883, 0.24237686395645142]",0.8999999761581421,67986,200,27,0,./sample_episode_images/episode_200/top/frame_008256.jpg,./sample_episode_images/episode_200/right/frame_000027.jpg,./sample_episode_images/episode_200/left/frame_008256.jpg
fold the garment on the table,"[0.017735518515110016, -1.708959937095642, 1.5277332067489624, 1.1707334518432617, -0.11531241238117218, -0.144134059548378, 0.26698997616767883, -1.6294740438461304, 1.5192097425460815, 1.1045870780944824, 0.6483303904533386, 0.06031575798988342]","[0.017956063151359558, -1.7089682817459106, 1.5280171632766724, 1.1703972816467285, -0.11511842161417007, -0.14130732417106628, 0.5388591885566711, -1.4212279319763184, 1.5050712823867798, 1.1130248308181763, 1.038507103919983, 0.2883704602718353]",0.9333333373069763,67987,200,28,0,./sample_episode_images/episode_200/top/frame_008257.jpg,./sample_episode_images/episode_200/right/frame_000028.jpg,./sample_episode_images/episode_200/left/frame_008257.jpg
fold the garment on the table,"[0.01780378818511963, -1.7089425325393677, 1.52786386013031, 1.170653223991394, -0.11525832861661911, -0.1433451622724533, 0.3436446785926819, -1.5742952823638916, 1.512359380722046, 1.1054270267486572, 0.7545027136802673, 0.12413933873176575]","[0.017956063151359558, -1.7089682817459106, 1.5280171632766724, 1.1703972816467285, -0.11511842161417007, -0.14275191724300385, 0.5713036060333252, -1.3394726514816284, 1.4766900539398193, 1.1115905046463013, 1.0747172832489014, 0.3328804075717926]",0.9666666388511658,67988,200,29,0,./sample_episode_images/episode_200/top/frame_008258.jpg,./sample_episode_images/episode_200/right/frame_000029.jpg,./sample_episode_images/episode_200/left/frame_008258.jpg
fold the garment on the table,"[0.0178515687584877, -1.7089390754699707, 1.527939796447754, 1.1705857515335083, -0.11521922051906586, -0.14317859709262848, 0.4110448956489563, -1.5094327926635742, 1.5028101205825806, 1.1066263914108276, 0.8440343737602234, 0.1824759840965271]","[0.017956063151359558, -1.7089682817459106, 1.5280171632766724, 1.1703972816467285, -0.11511842161417007, -0.14275191724300385, 0.5586079359054565, -1.2620971202850342, 1.4498025178909302, 1.1115905046463013, 1.0747172832489014, 0.3922269940376282]",1.0,67989,200,30,0,./sample_episode_images/episode_200/top/frame_008259.jpg,./sample_episode_images/episode_200/right/frame_000030.jpg,./sample_episode_images/episode_200/left/frame_008259.jpg
fold the garment on the table,"[0.017884185537695885, -1.7089405059814453, 1.5279814004898071, 1.170536756515503, -0.11519106477499008, -0.14305934309959412, 0.45833176374435425, -1.4398678541183472, 1.4896901845932007, 1.1080964803695679, 0.9084950685501099, 0.24102835357189178]","[0.017956063151359558, -1.7089682817459106, 1.5280171632766724, 1.1689629554748535, -0.11511842161417007, -0.14275191724300385, 0.5064147710800171, -1.1861815452575684, 1.4333713054656982, 1.1101561784744263, 1.0718204975128174, 0.44267159700393677]",1.0333333015441895,67990,200,31,0,./sample_episode_images/episode_200/top/frame_008260.jpg,./sample_episode_images/episode_200/right/frame_000031.jpg,./sample_episode_images/episode_200/left/frame_008260.jpg
fold the garment on the table,"[0.017905261367559433, -1.708918809890747, 1.5280531644821167, 1.170134425163269, -0.11517085880041122, -0.14297495782375336, 0.4787795841693878, -1.368540644645691, 1.4744558334350586, 1.1087396144866943, 0.9540625214576721, 0.2973025143146515]","[0.017956063151359558, -1.7089682817459106, 1.5294922590255737, 1.1689629554748535, -0.11511842161417007, -0.14275191724300385, 0.47114911675453186, -1.1234050989151, 1.4124587774276733, 1.0915101766586304, 1.0674751996994019, 0.44267159700393677]",1.0666667222976685,67991,200,32,0,./sample_episode_images/episode_200/top/frame_008261.jpg,./sample_episode_images/episode_200/right/frame_000032.jpg,./sample_episode_images/episode_200/left/frame_008261.jpg
fold the garment on the table,"[0.01792140118777752, -1.7089916467666626, 1.528259038925171, 1.1697534322738647, -0.11515610665082932, -0.14291074872016907, 0.48020508885383606, -1.2985739707946777, 1.458863615989685, 1.1047042608261108, 0.9857572317123413, 0.3378917872905731]","[0.017956063151359558, -1.7089682817459106, 1.5294922590255737, 1.1689629554748535, -0.11511842161417007, -0.14275191724300385, 0.44293659925460815, -1.0679283142089844, 1.3960275650024414, 1.0398750305175781, 1.0182294845581055, 0.44267159700393677]",1.100000023841858,67992,200,33,0,./sample_episode_images/episode_200/top/frame_008262.jpg,./sample_episode_images/episode_200/right/frame_000033.jpg,./sample_episode_images/episode_200/left/frame_008262.jpg
fold the garment on the table,"[0.01793273538351059, -1.7090163230895996, 1.5285521745681763, 1.169508934020996, -0.11514553427696228, -0.1428653448820114, 0.47135722637176514, -1.2319109439849854, 1.444192886352539, 1.0881662368774414, 0.9949299693107605, 0.36713558435440063]","[0.017956063151359558, -1.7089682817459106, 1.5294922590255737, 1.1689629554748535, -0.11511842161417007, -0.14275191724300385, 0.40343907475471497, -1.0095317363739014, 1.3781025409698486, 1.0054515600204468, 0.986364483833313, 0.44267159700393677]",1.1333333253860474,67993,200,34,0,./sample_episode_images/episode_200/top/frame_008263.jpg,./sample_episode_images/episode_200/right/frame_000034.jpg,./sample_episode_images/episode_200/left/frame_008263.jpg
fold the garment on the table,"[0.01794031821191311, -1.7090040445327759, 1.52882981300354, 1.1693538427352905, -0.11513794958591461, -0.142833411693573, 0.45414865016937256, -1.1681395769119263, 1.4279975891113281, 1.0659793615341187, 0.9925580024719238, 0.388214111328125]","[0.017956063151359558, -1.7089682817459106, 1.5294922590255737, 1.1689629554748535, -0.11511842161417007, -0.14275191724300385, 0.3639415502548218, -0.9584347009658813, 1.3571900129318237, 0.9925428032875061, 0.955947995185852, 0.44267159700393677]",1.1666666269302368,67994,200,35,0,./sample_episode_images/episode_200/top/frame_008264.jpg,./sample_episode_images/episode_200/right/frame_000035.jpg,./sample_episode_images/episode_200/left/frame_008264.jpg
fold the garment on the table,"[0.017945386469364166, -1.7089815139770508, 1.529056191444397, 1.1692513227462769, -0.11513250321149826, -0.14281074702739716, 0.4302416741847992, -1.1081407070159912, 1.4095232486724854, 1.0457733869552612, 0.9823242425918579, 0.4034181833267212]","[0.017956063151359558, -1.7089682817459106, 1.5294922590255737, 1.1689629554748535, -0.11511842161417007, -0.14275191724300385, 0.32726526260375977, -0.9117173552513123, 1.3407588005065918, 0.9552506804466248, 0.9168410301208496, 0.44267159700393677]",1.2000000476837158,67995,200,36,0,./sample_episode_images/episode_200/top/frame_008265.jpg,./sample_episode_images/episode_200/right/frame_000036.jpg,./sample_episode_images/episode_200/left/frame_008265.jpg
fold the garment on the table,"[0.01794879510998726, -1.7089625597000122, 1.5292233228683472, 1.1691800355911255, -0.11512859165668488, -0.14279454946517944, 0.4021342098712921, -1.0519455671310425, 1.3913086652755737, 1.0210797786712646, 0.9640457034111023, 0.4143710434436798]","[0.017956063151359558, -1.7089682817459106, 1.5294922590255737, 1.1689629554748535, -0.11511842161417007, -0.14275191724300385, 0.29199960827827454, -0.8606203198432922, 1.3213400840759277, 0.9179586172103882, 0.8820792436599731, 0.44267159700393677]",1.2333333492279053,67996,200,37,0,./sample_episode_images/episode_200/top/frame_008266.jpg,./sample_episode_images/episode_200/right/frame_000037.jpg,./sample_episode_images/episode_200/left/frame_008266.jpg
fold the garment on the table,"[0.017951102927327156, -1.7089502811431885, 1.5293375253677368, 1.1691278219223022, -0.11512576788663864, -0.14278288185596466, 0.37175747752189636, -0.9976314306259155, 1.372636318206787, 0.9927042126655579, 0.9411458969116211, 0.422268271446228]","[0.017956063151359558, -1.7089682817459106, 1.5294922590255737, 1.1689629554748535, -0.11511842161417007, -0.14275191724300385, 0.25955522060394287, -0.8153629302978516, 1.3004275560379028, 0.8964439630508423, 0.8560079336166382, 0.44267159700393677]",1.2666666507720947,67997,200,38,0,./sample_episode_images/episode_200/top/frame_008267.jpg,./sample_episode_images/episode_200/right/frame_000038.jpg,./sample_episode_images/episode_200/left/frame_008267.jpg
fold the garment on the table,"[0.01795267127454281, -1.7089447975158691, 1.5294101238250732, 1.1690882444381714, -0.11512372642755508, -0.14277443289756775, 0.34058529138565063, -0.9458537697792053, 1.3527770042419434, 0.9658313393592834, 0.9173387885093689, 0.42796850204467773]","[0.017956063151359558, -1.7089682817459106, 1.5294922590255737, 1.1689629554748535, -0.11511842161417007, -0.14275191724300385, 0.22570018470287323, -0.7657257914543152, 1.279515027999878, 0.8677577972412109, 0.8226945996284485, 0.44267159700393677]",1.2999999523162842,67998,200,39,0,./sample_episode_images/episode_200/top/frame_008268.jpg,./sample_episode_images/episode_200/right/frame_000039.jpg,./sample_episode_images/episode_200/left/frame_008268.jpg
fold the garment on the table,"[0.017953742295503616, -1.7089442014694214, 1.5294530391693115, 1.1690574884414673, -0.1151222512125969, -0.1427682787179947, 0.30874136090278625, -0.8951628804206848, 1.3322868347167969, 0.9384732842445374, 0.8908793330192566, 0.43207481503486633]","[0.017956063151359558, -1.7089682817459106, 1.5294922590255737, 1.1689629554748535, -0.11511842161417007, -0.14275191724300385, 0.1918451488018036, -0.7073291540145874, 1.2511337995529175, 0.8405058979988098, 0.7951748967170715, 0.44267159700393677]",1.3333333730697632,67999,200,40,0,./sample_episode_images/episode_200/top/frame_008269.jpg,./sample_episode_images/episode_200/right/frame_000040.jpg,./sample_episode_images/episode_200/left/frame_008269.jpg
fold the garment on the table,"[0.01795448176562786, -1.7089471817016602, 1.5294761657714844, 1.1690332889556885, -0.11512118577957153, -0.14276377856731415, 0.2763550579547882, -0.8427218794822693, 1.309880018234253, 0.9111840724945068, 0.8641132116317749, 0.43503355979919434]","[0.017956063151359558, -1.7089682817459106, 1.5294922590255737, 1.1689629554748535, -0.11511842161417007, -0.14275191724300385, 0.16645388305187225, -0.6489325165748596, 1.2212587594985962, 0.8146882653236389, 0.7691035866737366, 0.44267159700393677]",1.3666666746139526,68000,200,41,0,./sample_episode_images/episode_200/top/frame_008270.jpg,./sample_episode_images/episode_200/right/frame_000041.jpg,./sample_episode_images/episode_200/left/frame_008270.jpg
fold the garment on the table,"[0.017954988405108452, -1.7089509963989258, 1.5294873714447021, 1.1690151691436768, -0.11512041091918945, -0.1427605003118515, 0.24594861268997192, -0.7888992428779602, 1.2845526933670044, 0.8861533999443054, 0.8380560278892517, 0.4371693432331085]","[0.017956063151359558, -1.7089682817459106, 1.5294922590255737, 1.1689629554748535, -0.11511842161417007, -0.14275191724300385, 0.14670512080192566, -0.5861561894416809, 1.1869025230407715, 0.796042263507843, 0.7502743005752563, 0.44267159700393677]",1.399999976158142,68001,200,42,0,./sample_episode_images/episode_200/top/frame_008271.jpg,./sample_episode_images/episode_200/right/frame_000042.jpg,./sample_episode_images/episode_200/left/frame_008271.jpg
fold the garment on the table,"[0.01795533485710621, -1.7089548110961914, 1.5294921398162842, 1.1690011024475098, -0.11511986702680588, -0.1427581012248993, 0.22000651061534882, -0.7341691851615906, 1.2549127340316772, 0.8646380305290222, 0.81409752368927, 0.43870478868484497]","[0.017956063151359558, -1.7089682817459106, 1.5294922590255737, 1.1689629554748535, -0.11511842161417007, -0.14275191724300385, 0.12554572522640228, -0.5204599499702454, 1.1480649709701538, 0.7759619355201721, 0.7314450144767761, 0.44267159700393677]",1.4333332777023315,68002,200,43,0,./sample_episode_images/episode_200/top/frame_008272.jpg,./sample_episode_images/episode_200/right/frame_000043.jpg,./sample_episode_images/episode_200/left/frame_008272.jpg
fold the garment on the table,"[0.01795557327568531, -1.708958625793457, 1.529492735862732, 1.168990135192871, -0.11511941999197006, -0.142756387591362, 0.19655589759349823, -0.6774129271507263, 1.2216709852218628, 0.8455815315246582, 0.7916521430015564, 0.4398122727870941]","[0.017956063151359558, -1.7089682817459106, 1.5294922590255737, 1.1689629554748535, -0.11511842161417007, -0.14275191724300385, 0.10297571122646332, -0.4664430618286133, 1.1122150421142578, 0.7601845264434814, 0.7082705497741699, 0.44267159700393677]",1.4666666984558105,68003,200,44,0,./sample_episode_images/episode_200/top/frame_008273.jpg,./sample_episode_images/episode_200/right/frame_000044.jpg,./sample_episode_images/episode_200/left/frame_008273.jpg
fold the garment on the table,"[0.017955735325813293, -1.7089624404907227, 1.529492735862732, 1.1689825057983398, -0.11511918157339096, -0.14275512099266052, 0.17455948889255524, -0.6218439936637878, 1.1866008043289185, 0.8288781046867371, 0.7690203785896301, 0.4406072497367859]","[0.017956063151359558, -1.7089682817459106, 1.5294922590255737, 1.1689629554748535, -0.11511842161417007, -0.14275191724300385, 0.07899506390094757, -0.4168059527873993, 1.0778586864471436, 0.747275710105896, 0.6879928708076477, 0.44267159700393677]",1.5,68004,200,45,0,./sample_episode_images/episode_200/top/frame_008274.jpg,./sample_episode_images/episode_200/right/frame_000045.jpg,./sample_episode_images/episode_200/left/frame_008274.jpg
fold the garment on the table,"[0.017955854535102844, -1.7089648246765137, 1.529492735862732, 1.1689767837524414, -0.11511894315481186, -0.14275416731834412, 0.15288513898849487, -0.5687827467918396, 1.1510469913482666, 0.8141195178031921, 0.7471182942390442, 0.4411815106868744]","[0.017956063151359558, -1.7089682817459106, 1.5294922590255737, 1.1689629554748535, -0.11511842161417007, -0.14275191724300385, 0.05783567205071449, -0.3671688139438629, 1.0405149459838867, 0.7386698126792908, 0.6662667393684387, 0.44267159700393677]",1.5333333015441895,68005,200,46,0,./sample_episode_images/episode_200/top/frame_008275.jpg,./sample_episode_images/episode_200/right/frame_000046.jpg,./sample_episode_images/episode_200/left/frame_008275.jpg
fold the garment on the table,"[0.01795591413974762, -1.7089648246765137, 1.529492735862732, 1.1689729690551758, -0.11511870473623276, -0.14275361597537994, 0.1319122612476349, -0.5179764628410339, 1.1147475242614746, 0.8023524880409241, 0.7253831624984741, 0.44159868359565735]","[0.017956063151359558, -1.7089682817459106, 1.5294922590255737, 1.1689629554748535, -0.11511842161417007, -0.14275191724300385, 0.04090815782546997, -0.3277510702610016, 1.0091462135314941, 0.7286296486854553, 0.6459890604019165, 0.4397042691707611]",1.5666667222976685,68006,200,47,0,./sample_episode_images/episode_200/top/frame_008276.jpg,./sample_episode_images/episode_200/right/frame_000047.jpg,./sample_episode_images/episode_200/left/frame_008276.jpg
fold the garment on the table,"[0.017955973744392395, -1.7089648246765137, 1.529492735862732, 1.1689691543579102, -0.11511870473623276, -0.14275313913822174, 0.11238064616918564, -0.4712134599685669, 1.0792533159255981, 0.7924923896789551, 0.7040064334869385, 0.44107529520988464]","[0.017956063151359558, -1.7089682817459106, 1.5294922590255737, 1.1689629554748535, -0.11511842161417007, -0.14275191724300385, 0.03244440257549286, -0.29709285497665405, 0.9837524890899658, 0.7185894846916199, 0.627159833908081, 0.3595863878726959]",1.600000023841858,68007,200,48,0,./sample_episode_images/episode_200/top/frame_008277.jpg,./sample_episode_images/episode_200/right/frame_000048.jpg,./sample_episode_images/episode_200/left/frame_008277.jpg
fold the garment on the table,"[0.01795601285994053, -1.7089648246765137, 1.529492735862732, 1.168967604637146, -0.11511870473623276, -0.14275266230106354, 0.09507894515991211, -0.429572731256485, 1.0462781190872192, 0.7831821441650391, 0.6831132769584656, 0.4183399975299835]","[0.0165195781737566, -1.7089682817459106, 1.5294922590255737, 1.1689629554748535, -0.11511842161417007, -0.14275191724300385, 0.031033774837851524, -0.27081435918807983, 0.9598524570465088, 0.697074830532074, 0.6141241788864136, 0.061369769275188446]",1.6333333253860474,68008,200,49,0,./sample_episode_images/episode_200/top/frame_008278.jpg,./sample_episode_images/episode_200/right/frame_000049.jpg,./sample_episode_images/episode_200/left/frame_008278.jpg
fold the garment on the table,"[0.017652129754424095, -1.7089648246765137, 1.529492735862732, 1.168965220451355, -0.11512084305286407, -0.1427522748708725, 0.08097897469997406, -0.39310190081596375, 1.0166064500808716, 0.7722935080528259, 0.6636684536933899, 0.3189040720462799]","[0.0165195781737566, -1.7089682817459106, 1.5294922590255737, 1.1689629554748535, -0.11511842161417007, -0.14275191724300385, 0.031033774837851524, -0.2620548605918884, 0.9523836970329285, 0.6540455222129822, 0.5663267374038696, -0.17304925620555878]",1.6666666269302368,68009,200,50,0,./sample_episode_images/episode_200/top/frame_008279.jpg,./sample_episode_images/episode_200/right/frame_000050.jpg,./sample_episode_images/episode_200/left/frame_008279.jpg
fold the garment on the table,"[0.017309950664639473, -1.7089648246765137, 1.529492735862732, 1.168965220451355, -0.11511959135532379, -0.1427522748708725, 0.07090039551258087, -0.3652799427509308, 0.9940006136894226, 0.7562613487243652, 0.6354295015335083, 0.2077925205230713]","[0.0165195781737566, -1.7089682817459106, 1.5294922590255737, 1.1689629554748535, -0.11511842161417007, -0.14275191724300385, 0.02962314896285534, -0.25913503766059875, 0.9508899450302124, 0.6397024393081665, 0.5373586416244507, -0.12705565989017487]",1.7000000476837158,68010,200,51,0,./sample_episode_images/episode_200/top/frame_008280.jpg,./sample_episode_images/episode_200/right/frame_000051.jpg,./sample_episode_images/episode_200/left/frame_008280.jpg
fold the garment on the table,"[0.017064189538359642, -1.7089648246765137, 1.529492735862732, 1.168965220451355, -0.11511870473623276, -0.1427522748708725, 0.06311367452144623, -0.34380385279655457, 0.9773405194282532, 0.7375223636627197, 0.607423722743988, 0.11413262039422989]","[0.0165195781737566, -1.7089682817459106, 1.5294922590255737, 1.1689629554748535, -0.11511842161417007, -0.14275191724300385, 0.02962314896285534, -0.25913503766059875, 0.9538774490356445, 0.6167534589767456, 0.5330134034156799, -0.14189229905605316]",1.7333333492279053,68011,200,52,0,./sample_episode_images/episode_200/top/frame_008281.jpg,./sample_episode_images/episode_200/right/frame_000052.jpg,./sample_episode_images/episode_200/left/frame_008281.jpg
fold the garment on the table,"[0.016894318163394928, -1.7089648246765137, 1.529492735862732, 1.168965220451355, -0.11511822044849396, -0.1427522748708725, 0.057012781500816345, -0.32860085368156433, 0.9665431976318359, 0.7170909643173218, 0.5858638882637024, 0.04253179579973221]","[0.0165195781737566, -1.7089682817459106, 1.5294922590255737, 1.1689629554748535, -0.11511842161417007, -0.14275191724300385, 0.033855028450489044, -0.25913503766059875, 0.9538774490356445, 0.6167534589767456, 0.5315650105476379, -0.1493106186389923]",1.7666666507720947,68012,200,53,0,./sample_episode_images/episode_200/top/frame_008282.jpg,./sample_episode_images/episode_200/right/frame_000053.jpg,./sample_episode_images/episode_200/left/frame_008282.jpg
fold the garment on the table,"[0.016777392476797104, -1.7089648246765137, 1.529492735862732, 1.168965220451355, -0.11511798202991486, -0.1427522748708725, 0.05254644900560379, -0.3172082006931305, 0.9589316844940186, 0.70000159740448, 0.5701190233230591, -0.011100726202130318]","[0.0165195781737566, -1.7089682817459106, 1.5294922590255737, 1.1689629554748535, -0.11511842161417007, -0.14275191724300385, 0.036676280200481415, -0.25913503766059875, 0.9538774490356445, 0.6181877851486206, 0.5330134034156799, -0.1493106186389923]",1.7999999523162842,68013,200,54,0,./sample_episode_images/episode_200/top/frame_008283.jpg,./sample_episode_images/episode_200/right/frame_000054.jpg,./sample_episode_images/episode_200/left/frame_008283.jpg
fold the garment on the table,"[0.01669694297015667, -1.7089648246765137, 1.529492735862732, 1.168965220451355, -0.11511798202991486, -0.1427522748708725, 0.04991600289940834, -0.30939799547195435, 0.9537156820297241, 0.6881120204925537, 0.5591750144958496, -0.04973553866147995]","[0.0165195781737566, -1.7089682817459106, 1.5294922590255737, 1.1689629554748535, -0.11511842161417007, -0.14275191724300385, 0.039497531950473785, -0.2605949640274048, 0.9464086890220642, 0.628227949142456, 0.5344617962837219, -0.1493106186389923]",1.8333333730697632,68014,200,55,0,./sample_episode_images/episode_200/top/frame_008284.jpg,./sample_episode_images/episode_200/right/frame_000055.jpg,./sample_episode_images/episode_200/left/frame_008284.jpg
fold the garment on the table,"[0.016641592606902122, -1.7089648246765137, 1.529492735862732, 1.168965220451355, -0.11511798202991486, -0.1427522748708725, 0.04856220260262489, -0.3032527565956116, 0.9492366313934326, 0.6808472275733948, 0.5517513155937195, -0.0775764063000679]","[0.0165195781737566, -1.7089682817459106, 1.5294922590255737, 1.1689629554748535, -0.11511842161417007, -0.14275191724300385, 0.039497531950473785, -0.2605949640274048, 0.8941274881362915, 0.6913375854492188, 0.5344617962837219, -0.1493106186389923]",1.8666666746139526,68015,200,56,0,./sample_episode_images/episode_200/top/frame_008285.jpg,./sample_episode_images/episode_200/right/frame_000056.jpg,./sample_episode_images/episode_200/left/frame_008285.jpg
fold the garment on the table,"[0.016603518277406693, -1.7089648246765137, 1.529492735862732, 1.168965220451355, -0.11511798202991486, -0.1427522748708725, 0.0467873252928257, -0.2915438115596771, 0.9369935393333435, 0.6845428943634033, 0.5469069480895996, -0.09766057878732681]","[0.0165195781737566, -1.7089682817459106, 1.5294922590255737, 1.1689629554748535, -0.11511842161417007, -0.14275191724300385, 0.03526565432548523, -0.2605949640274048, 0.8119711875915527, 0.7788305282592773, 0.5344617962837219, -0.1493106186389923]",1.899999976158142,68016,200,57,0,./sample_episode_images/episode_200/top/frame_008286.jpg,./sample_episode_images/episode_200/right/frame_000057.jpg,./sample_episode_images/episode_200/left/frame_008286.jpg
fold the garment on the table,"[0.016577323898673058, -1.7089648246765137, 1.529492735862732, 1.168965220451355, -0.11511798202991486, -0.1427522748708725, 0.04406831040978432, -0.2771637737751007, 0.9103204607963562, 0.7123797535896301, 0.5434286594390869, -0.11213645339012146]","[0.0165195781737566, -1.7089682817459106, 1.5294922590255737, 1.1689629554748535, -0.11511842161417007, -0.14275191724300385, 0.02680189721286297, -0.2605949640274048, 0.7089024186134338, 0.8792322874069214, 0.5344617962837219, -0.1493106186389923]",1.9333332777023315,68017,200,58,0,./sample_episode_images/episode_200/top/frame_008287.jpg,./sample_episode_images/episode_200/right/frame_000058.jpg,./sample_episode_images/episode_200/left/frame_008287.jpg
fold the garment on the table,"[0.0165593009442091, -1.7089648246765137, 1.529492735862732, 1.168965220451355, -0.11511798202991486, -0.1427522748708725, 0.040160372853279114, -0.26372259855270386, 0.8668549060821533, 0.7618047595024109, 0.5409302711486816, -0.12260594218969345]","[0.0165195781737566, -1.7089682817459106, 1.5294922590255737, 1.1689629554748535, -0.11511842161417007, -0.14275191724300385, 0.001410626107826829, -0.2562152147293091, 0.6133024096488953, 0.965290904045105, 0.5344617962837219, -0.1493106186389923]",1.9666666984558105,68018,200,59,0,./sample_episode_images/episode_200/top/frame_008288.jpg,./sample_episode_images/episode_200/right/frame_000059.jpg,./sample_episode_images/episode_200/left/frame_008288.jpg
fold the garment on the table,"[0.016546905040740967, -1.7089648246765137, 1.529492735862732, 1.168965220451355, -0.11511798202991486, -0.1427522748708725, 0.03279600664973259, -0.2525758743286133, 0.8084594011306763, 0.8216062188148499, 0.539105236530304, -0.13017292320728302]","[0.0165195781737566, -1.7089682817459106, 1.5294922590255737, 1.1689629554748535, -0.11511842161417007, -0.14275191724300385, -0.06771005690097809, -0.2532953917980194, 0.44301488995552063, 1.1058533191680908, 0.5344617962837219, -0.1493106186389923]",2.0,68019,200,60,0,./sample_episode_images/episode_200/top/frame_008289.jpg,./sample_episode_images/episode_200/right/frame_000060.jpg,./sample_episode_images/episode_200/left/frame_008289.jpg
fold the garment on the table,"[0.016538377851247787, -1.7089648246765137, 1.529492735862732, 1.168965220451355, -0.11511798202991486, -0.1427522748708725, 0.015311121940612793, -0.23962312936782837, 0.7248298525810242, 0.9050069451332092, 0.5377289056777954, -0.13567379117012024]","[0.0165195781737566, -1.7089682817459106, 1.5294922590255737, 1.1689629554748535, -0.11511842161417007, -0.14275191724300385, -0.1241350993514061, -0.2532953917980194, 0.36085861921310425, 1.160357117652893, 0.5127357244491577, -0.1493106186389923]",2.0333333015441895,68020,200,61,0,./sample_episode_images/episode_200/top/frame_008290.jpg,./sample_episode_images/episode_200/right/frame_000061.jpg,./sample_episode_images/episode_200/left/frame_008290.jpg
fold the garment on the table,"[0.016532503068447113, -1.7089648246765137, 1.529492735862732, 1.168965220451355, -0.11511802673339844, -0.1427522748708725, -0.013761423528194427, -0.2328004240989685, 0.6320715546607971, 0.9782396554946899, 0.5306819677352905, -0.1396026909351349]","[0.0165195781737566, -1.7089682817459106, 1.5294922590255737, 1.1689629554748535, -0.11511842161417007, -0.14275191724300385, -0.17773889005184174, -0.2518354654312134, 0.2996148467063904, 1.183306097984314, 0.4823192059993744, -0.1493106186389923]",2.066666603088379,68021,200,62,0,./sample_episode_images/episode_200/top/frame_008291.jpg,./sample_episode_images/episode_200/right/frame_000062.jpg,./sample_episode_images/episode_200/left/frame_008291.jpg
fold the garment on the table,"[0.016528470441699028, -1.7089648246765137, 1.529492735862732, 1.168965220451355, -0.11511802673339844, -0.1427522748708725, -0.051381874829530716, -0.23223614692687988, 0.5400117039680481, 1.0352449417114258, 0.5171078443527222, -0.1423664540052414]","[0.0165195781737566, -1.7089682817459106, 1.5294922590255737, 1.1689629554748535, -0.11511842161417007, -0.14275191724300385, -0.23275330662727356, -0.2518354654312134, 0.25330859422683716, 1.1962147951126099, 0.46638673543930054, -0.1493106186389923]",2.0999999046325684,68022,200,63,0,./sample_episode_images/episode_200/top/frame_008292.jpg,./sample_episode_images/episode_200/right/frame_000063.jpg,./sample_episode_images/episode_200/left/frame_008292.jpg
fold the garment on the table,"[0.016525696963071823, -1.7089648246765137, 1.529492735862732, 1.168965220451355, -0.11511802673339844, -0.1427522748708725, -0.0951748862862587, -0.23604197800159454, 0.4544579088687897, 1.078124761581421, 0.5028554201126099, -0.14429645240306854]","[0.0165195781737566, -1.7089682817459106, 1.5294922590255737, 1.1689629554748535, -0.11511842161417007, -0.14275191724300385, -0.2948208749294281, -0.2518354654312134, 0.21596483886241913, 1.1962147951126099, 0.4490058720111847, -0.1493106186389923]",2.133333444595337,68023,200,64,0,./sample_episode_images/episode_200/top/frame_008293.jpg,./sample_episode_images/episode_200/right/frame_000064.jpg,./sample_episode_images/episode_200/left/frame_008293.jpg
fold the garment on the table,"[0.016523785889148712, -1.7089648246765137, 1.529492735862732, 1.168965220451355, -0.11511804908514023, -0.1427522748708725, -0.14439408481121063, -0.24236206710338593, 0.3791203498840332, 1.1083348989486694, 0.48772814869880676, -0.14566318690776825]","[0.0165195781737566, -1.7089682817459106, 1.5294922590255737, 1.1689629554748535, -0.11511842161417007, -0.14275191724300385, -0.34983527660369873, -0.25037553906440735, 0.1875835806131363, 1.1962147951126099, 0.43452179431915283, -0.1493106186389923]",2.1666667461395264,68024,200,65,0,./sample_episode_images/episode_200/top/frame_008294.jpg,./sample_episode_images/episode_200/right/frame_000065.jpg,./sample_episode_images/episode_200/left/frame_008294.jpg
fold the garment on the table,"[0.016522472724318504, -1.7089648246765137, 1.529492735862732, 1.168965220451355, -0.11511804908514023, -0.1427522748708725, -0.19773004949092865, -0.24918873608112335, 0.3149436116218567, 1.1296519041061401, 0.47279587388038635, -0.14661891758441925]","[0.015083092264831066, -1.7089682817459106, 1.5294922590255737, 1.1689629554748535, -0.11511842161417007, -0.14275191724300385, -0.40484970808029175, -0.25037553906440735, 0.16368357837200165, 1.1933462619781494, 0.4287281930446625, -0.1493106186389923]",2.200000047683716,68025,200,66,0,./sample_episode_images/episode_200/top/frame_008295.jpg,./sample_episode_images/episode_200/right/frame_000066.jpg,./sample_episode_images/episode_200/left/frame_008295.jpg
fold the garment on the table,"[0.01621766947209835, -1.7089648246765137, 1.529492735862732, 1.1689633131027222, -0.11512035876512527, -0.14275197684764862, -0.25346800684928894, -0.2553901970386505, 0.26199471950531006, 1.1443363428115845, 0.4604278802871704, -0.14729958772659302]","[0.012210122309625149, -1.7089682817459106, 1.5294922590255737, 1.1689629554748535, -0.11511842161417007, -0.14275191724300385, -0.458453506231308, -0.25037553906440735, 0.14575858414173126, 1.1919119358062744, 0.4272797703742981, -0.1493106186389923]",2.2333333492279053,68026,200,67,0,./sample_episode_images/episode_200/top/frame_008296.jpg,./sample_episode_images/episode_200/right/frame_000067.jpg,./sample_episode_images/episode_200/left/frame_008296.jpg
fold the garment on the table,"[0.015267054550349712, -1.7089648246765137, 1.529492735862732, 1.1689605712890625, -0.11512365937232971, -0.142751544713974, -0.31026190519332886, -0.2603035867214203, 0.21933288872241974, 1.1546903848648071, 0.4511265158653259, -0.1477845460176468]","[0.012210122309625149, -1.7089682817459106, 1.5294922590255737, 1.1689629554748535, -0.11511842161417007, -0.14275191724300385, -0.5035935044288635, -0.25037553906440735, 0.139783576130867, 1.1904776096343994, 0.4258313775062561, -0.1493106186389923]",2.2666666507720947,68027,200,68,0,./sample_episode_images/episode_200/top/frame_008297.jpg,./sample_episode_images/episode_200/right/frame_000068.jpg,./sample_episode_images/episode_200/left/frame_008297.jpg
fold the garment on the table,"[0.014336476102471352, -1.7089648246765137, 1.529492735862732, 1.1689605712890625, -0.11512047797441483, -0.14275190234184265, -0.36632513999938965, -0.26420584321022034, 0.18703009188175201, 1.161795735359192, 0.4440443217754364, -0.14812283217906952]","[0.012210122309625149, -1.7089682817459106, 1.5294922590255737, 1.1689629554748535, -0.11656645685434341, -0.14275191724300385, -0.5445016622543335, -0.25037553906440735, 0.14277108013629913, 1.180437445640564, 0.4258313775062561, -0.1493106186389923]",2.299999952316284,68028,200,69,0,./sample_episode_images/episode_200/top/frame_008298.jpg,./sample_episode_images/episode_200/right/frame_000069.jpg,./sample_episode_images/episode_200/left/frame_008298.jpg
fold the garment on the table,"[0.01367232296615839, -1.7089648246765137, 1.529492735862732, 1.1689605712890625, -0.1155218631029129, -0.14275190234184265, -0.4198994040489197, -0.2673686146736145, 0.16536463797092438, 1.1645342111587524, 0.438959002494812, -0.14837263524532318]","[0.013646607287228107, -1.7089682817459106, 1.5294922590255737, 1.1689629554748535, -0.11801448464393616, -0.14275191724300385, -0.5811779499053955, -0.25037553906440735, 0.1442648321390152, 1.1703972816467285, 0.4243829548358917, -0.1493106186389923]",2.3333332538604736,68029,200,70,0,./sample_episode_images/episode_200/top/frame_008299.jpg,./sample_episode_images/episode_200/right/frame_000070.jpg,./sample_episode_images/episode_200/left/frame_008299.jpg
fold the garment on the table,"[0.013518200255930424, -1.7089648246765137, 1.529492735862732, 1.1689629554748535, -0.11621460318565369, -0.14275218546390533, -0.4697876572608948, -0.2689405679702759, 0.15195253491401672, 1.1642564535140991, 0.43490520119667053, -0.14856284856796265]","[0.015083092264831066, -1.7089682817459106, 1.5294922590255737, 1.1689629554748535, -0.1194625124335289, -0.14275191724300385, -0.606569230556488, -0.25037553906440735, 0.1442648321390152, 1.1675286293029785, 0.4243829548358917, -0.1493106186389923]",2.366666555404663,68030,200,71,0,./sample_episode_images/episode_200/top/frame_008300.jpg,./sample_episode_images/episode_200/right/frame_000071.jpg,./sample_episode_images/episode_200/left/frame_008300.jpg
fold the garment on the table,"[0.013849650509655476, -1.7089648246765137, 1.529492735862732, 1.1689645051956177, -0.11711976677179337, -0.14275234937667847, -0.5145729780197144, -0.2685728371143341, 0.14401093125343323, 1.1635876893997192, 0.4319998621940613, -0.1486998051404953]","[0.015083092264831066, -1.7089682817459106, 1.5294922590255737, 1.1689629554748535, -0.1194625124335289, -0.14275191724300385, -0.629139244556427, -0.25037553906440735, 0.14575858414173126, 1.160357117652893, 0.4243829548358917, -0.1493106186389923]",2.4000000953674316,68031,200,72,0,./sample_episode_images/episode_200/top/frame_008301.jpg,./sample_episode_images/episode_200/right/frame_000072.jpg,./sample_episode_images/episode_200/left/frame_008301.jpg
fold the garment on the table,"[0.014224029146134853, -1.7089648246765137, 1.529492735862732, 1.1689645051956177, -0.11777649074792862, -0.14275234937667847, -0.5533909201622009, -0.2669564187526703, 0.14048190414905548, 1.1616324186325073, 0.4299127459526062, -0.14881418645381927]","[0.015083092264831066, -1.7089682817459106, 1.5294922590255737, 1.1689629554748535, -0.1194625124335289, -0.14275191724300385, -0.651709258556366, -0.24599580466747284, 0.14575858414173126, 1.160357117652893, 0.4243829548358917, -0.1493106186389923]",2.433333396911621,68032,200,73,0,./sample_episode_images/episode_200/top/frame_008302.jpg,./sample_episode_images/episode_200/right/frame_000073.jpg,./sample_episode_images/episode_200/left/frame_008302.jpg
fold the garment on the table,"[0.014492491260170937, -1.7089648246765137, 1.529492735862732, 1.1689645051956177, -0.11824927479028702, -0.14275234937667847, -0.5866420269012451, -0.2637733221054077, 0.13902544975280762, 1.1604723930358887, 0.42840370535850525, -0.14890581369400024]","[0.015083092264831066, -1.7089682817459106, 1.5294922590255737, 1.1689629554748535, -0.1194625124335289, -0.14275191724300385, -0.6728686690330505, -0.22117723524570465, 0.14575858414173126, 1.158922791481018, 0.4243829548358917, -0.1493106186389923]",2.4666666984558105,68033,200,74,0,./sample_episode_images/episode_200/top/frame_008303.jpg,./sample_episode_images/episode_200/right/frame_000074.jpg,./sample_episode_images/episode_200/left/frame_008303.jpg
fold the garment on the table,"[0.014677685685455799, -1.7089648246765137, 1.529492735862732, 1.1689645051956177, -0.11858947575092316, -0.14275234937667847, -0.6153441667556763, -0.25705012679100037, 0.13762032985687256, 1.1596455574035645, 0.4273105263710022, -0.1489901840686798]","[0.015083092264831066, -1.7089682817459106, 1.5294922590255737, 1.1689629554748535, -0.1194625124335289, -0.14275191724300385, -0.6996705532073975, -0.16570043563842773, 0.14127732813358307, 1.157488465309143, 0.4243829548358917, -0.1493106186389923]",2.5,68034,200,75,0,./sample_episode_images/episode_200/top/frame_008304.jpg,./sample_episode_images/episode_200/right/frame_000075.jpg,./sample_episode_images/episode_200/left/frame_008304.jpg
fold the garment on the table,"[0.01480488758534193, -1.7089648246765137, 1.529492735862732, 1.1689645051956177, -0.11883429437875748, -0.14275234937667847, -0.6411400437355042, -0.24196672439575195, 0.13338926434516907, 1.1589200496673584, 0.42650720477104187, -0.14906971156597137]","[0.015083092264831066, -1.7089682817459106, 1.5294922590255737, 1.1689629554748535, -0.1194625124335289, -0.14275191724300385, -0.7236512303352356, -0.10876372456550598, 0.13679607212543488, 1.1331051588058472, 0.4243829548358917, -0.1493106186389923]",2.5333333015441895,68035,200,76,0,./sample_episode_images/episode_200/top/frame_008305.jpg,./sample_episode_images/episode_200/right/frame_000076.jpg,./sample_episode_images/episode_200/left/frame_008305.jpg
fold the garment on the table,"[0.01489220466464758, -1.7089648246765137, 1.529492735862732, 1.1689645051956177, -0.11901041865348816, -0.14275234937667847, -0.6653082370758057, -0.21697553992271423, 0.12820111215114594, 1.1517736911773682, 0.42592164874076843, -0.14914314448833466]","[0.015083092264831066, -1.7089682817459106, 1.5294922590255737, 1.1689629554748535, -0.1194625124335289, -0.14275191724300385, -0.743399977684021, -0.07810549437999725, 0.11140232533216476, 1.1288022994995117, 0.42293456196784973, -0.1493106186389923]",2.566666603088379,68036,200,77,0,./sample_episode_images/episode_200/top/frame_008306.jpg,./sample_episode_images/episode_200/right/frame_000077.jpg,./sample_episode_images/episode_200/left/frame_008306.jpg
fold the garment on the table,"[0.01495213620364666, -1.7089648246765137, 1.529492735862732, 1.1689645051956177, -0.11913718283176422, -0.14275234937667847, -0.688058078289032, -0.18369488418102264, 0.12016166746616364, 1.1449885368347168, 0.4250938594341278, -0.14917463064193726]","[0.015083092264831066, -1.7089682817459106, 1.5294922590255737, 1.1689629554748535, -0.1194625124335289, -0.14275191724300385, -0.7631487250328064, -0.06058650091290474, 0.08750231564044952, 1.1259336471557617, 0.42293456196784973, -0.1493106186389923]",2.5999999046325684,68037,200,78,0,./sample_episode_images/episode_200/top/frame_008307.jpg,./sample_episode_images/episode_200/right/frame_000078.jpg,./sample_episode_images/episode_200/left/frame_008307.jpg
fold the garment on the table,"[0.01499326154589653, -1.7089648246765137, 1.529492735862732, 1.1689645051956177, -0.11922840029001236, -0.14275234937667847, -0.7095492482185364, -0.1482326239347458, 0.11082711070775986, 1.13930082321167, 0.42449286580085754, -0.14919717609882355]","[0.015083092264831066, -1.7089682817459106, 1.5294922590255737, 1.1689629554748535, -0.1194625124335289, -0.14275191724300385, -0.7927718758583069, -0.04160759970545769, 0.06061481311917305, 1.1273679733276367, 0.42293456196784973, -0.1493106186389923]",2.633333444595337,68038,200,79,0,./sample_episode_images/episode_200/top/frame_008308.jpg,./sample_episode_images/episode_200/right/frame_000079.jpg,./sample_episode_images/episode_200/left/frame_008308.jpg
fold the garment on the table,"[0.01502148061990738, -1.7089648246765137, 1.529492735862732, 1.1689645051956177, -0.11929402500391006, -0.14275234937667847, -0.7310376763343811, -0.11369224637746811, 0.09920822083950043, 1.1359747648239136, 0.42404624819755554, -0.14923082292079926]","[0.015083092264831066, -1.7089682817459106, 1.5294922590255737, 1.1689629554748535, -0.1194625124335289, -0.14275191724300385, -0.8181631565093994, -0.019708862528204918, 0.05165231227874756, 1.1244993209838867, 0.42293456196784973, -0.1493106186389923]",2.6666667461395264,68039,200,80,0,./sample_episode_images/episode_200/top/frame_008309.jpg,./sample_episode_images/episode_200/right/frame_000080.jpg,./sample_episode_images/episode_200/left/frame_008309.jpg
fold the garment on the table,"[0.015040840022265911, -1.7089648246765137, 1.529492735862732, 1.1689645051956177, -0.11934123933315277, -0.14275234937667847, -0.7533993124961853, -0.08262719959020615, 0.08759941905736923, 1.132529616355896, 0.42372187972068787, -0.14925025403499603]","[0.015083092264831066, -1.7089682817459106, 1.5294922590255737, 1.1689629554748535, -0.1194625124335289, -0.14275191724300385, -0.8435544371604919, 0.0065696206875145435, 0.03820855915546417, 1.1244993209838867, 0.42293456196784973, -0.1493106186389923]",2.700000047683716,68040,200,81,0,./sample_episode_images/episode_200/top/frame_008310.jpg,./sample_episode_images/episode_200/right/frame_000081.jpg,./sample_episode_images/episode_200/left/frame_008310.jpg
fold the garment on the table,"[0.015054120682179928, -1.7089648246765137, 1.529492735862732, 1.1689645051956177, -0.11937523633241653, -0.14275234937667847, -0.7766978740692139, -0.05405046045780182, 0.0752730593085289, 1.1301665306091309, 0.42348989844322205, -0.14926692843437195]","[0.015083092264831066, -1.7089682817459106, 1.5294922590255737, 1.1689629554748535, -0.1194625124335289, -0.14275191724300385, -0.8647138476371765, 0.040147680789232254, 0.02327105589210987, 1.1273679733276367, 0.4243829548358917, -0.13744130730628967]",2.7333333492279053,68041,200,82,0,./sample_episode_images/episode_200/top/frame_008311.jpg,./sample_episode_images/episode_200/right/frame_000082.jpg,./sample_episode_images/episode_200/left/frame_008311.jpg
fold the garment on the table,"[0.015063230879604816, -1.7089648246765137, 1.529492735862732, 1.1689645051956177, -0.11939974129199982, -0.14275234937667847, -0.8004573583602905, -0.02615787275135517, 0.0612570084631443, 1.1292691230773926, 0.42373350262641907, -0.14596150815486908]","[0.015083092264831066, -1.7089682817459106, 1.5294922590255737, 1.1689629554748535, -0.1194625124335289, -0.13986273109912872, -0.8788200616836548, 0.06496624648571014, 0.01430855505168438, 1.1302366256713867, 0.4243829548358917, -0.032101109623909]",2.7666666507720947,68042,200,83,0,./sample_episode_images/episode_200/top/frame_008312.jpg,./sample_episode_images/episode_200/right/frame_000083.jpg,./sample_episode_images/episode_200/left/frame_008312.jpg
fold the garment on the table,"[0.015069003216922283, -1.70896315574646, 1.5294958353042603, 1.168967843055725, -0.11941739916801453, -0.14194554090499878, -0.8234621286392212, 0.000528063508681953, 0.04769648239016533, 1.1291648149490356, 0.4239201545715332, -0.11414497345685959]","[0.015083092264831066, -1.7089682817459106, 1.5294922590255737, 1.1689629554748535, -0.1194625124335289, -0.13841813802719116, -0.8915157318115234, 0.08102532476186752, 0.01729605533182621, 1.1316708326339722, 0.4243829548358917, 0.17264463007450104]",2.799999952316284,68043,200,84,0,./sample_episode_images/episode_200/top/frame_008313.jpg,./sample_episode_images/episode_200/right/frame_000084.jpg,./sample_episode_images/episode_200/left/frame_008313.jpg
fold the garment on the table,"[0.015073302201926708, -1.7089629173278809, 1.5294978618621826, 1.1689672470092773, -0.1194300428032875, -0.1409594863653183, -0.8446826338768005, 0.024208081886172295, 0.037859395146369934, 1.1291710138320923, 0.42405757308006287, -0.033987581729888916]","[0.015083092264831066, -1.7089682817459106, 1.5294922590255737, 1.1689629554748535, -0.1194625124335289, -0.13841813802719116, -0.9084432125091553, 0.09416456520557404, 0.018789805471897125, 1.1445796489715576, 0.41858935356140137, 0.43080228567123413]",2.8333332538604736,68044,200,85,0,./sample_episode_images/episode_200/top/frame_008314.jpg,./sample_episode_images/episode_200/right/frame_000085.jpg,./sample_episode_images/episode_200/left/frame_008314.jpg
fold the garment on the table,"[0.015076546929776669, -1.7089653015136719, 1.5294971466064453, 1.1689634323120117, -0.11943911761045456, -0.14024846255779266, -0.8641848564147949, 0.04510746896266937, 0.031137501820921898, 1.1326415538787842, 0.42253515124320984, 0.0771239697933197]","[0.015083092264831066, -1.7089682817459106, 1.5294922590255737, 1.1689629554748535, -0.1194625124335289, -0.13841813802719116, -0.9296026229858398, 0.09854431450366974, 0.015802305191755295, 1.158922791481018, 0.3954148292541504, 0.6088420748710632]",2.866666555404663,68045,200,86,0,./sample_episode_images/episode_200/top/frame_008315.jpg,./sample_episode_images/episode_200/right/frame_000086.jpg,./sample_episode_images/episode_200/left/frame_008315.jpg
fold the garment on the table,"[0.015078752301633358, -1.7089660167694092, 1.5294933319091797, 1.1689633131027222, -0.11944565922021866, -0.1397363245487213, -0.8828754425048828, 0.063051737844944, 0.02681787684559822, 1.1392793655395508, 0.41497018933296204, 0.1882357895374298]","[0.015083092264831066, -1.7089682817459106, 1.5294922590255737, 1.1689629554748535, -0.1194625124335289, -0.13841813802719116, -0.9493513703346252, 0.09124473482370377, 0.01430855505168438, 1.176134467124939, 0.3925180435180664, 0.6859925985336304]",2.9000000953674316,68046,200,87,0,./sample_episode_images/episode_200/top/frame_008316.jpg,./sample_episode_images/episode_200/right/frame_000087.jpg,./sample_episode_images/episode_200/left/frame_008316.jpg
fold the garment on the table,"[0.015080224722623825, -1.7089660167694092, 1.5294909477233887, 1.1689633131027222, -0.11945036798715591, -0.13936752080917358, -0.9013563394546509, 0.076585553586483, 0.02484123408794403, 1.1490275859832764, 0.408679336309433, 0.29934749007225037]","[0.015083092264831066, -1.7089682817459106, 1.5294922590255737, 1.1689629554748535, -0.1194625124335289, -0.13841813802719116, -0.953583300113678, 0.08394515514373779, -0.008097698912024498, 1.2048207521438599, 0.3925180435180664, 0.6874762773513794]",2.933333396911621,68047,200,88,0,./sample_episode_images/episode_200/top/frame_008317.jpg,./sample_episode_images/episode_200/right/frame_000088.jpg,./sample_episode_images/episode_200/left/frame_008317.jpg
fold the garment on the table,"[0.01508120447397232, -1.7089660167694092, 1.5294909477233887, 1.1689633131027222, -0.11945375800132751, -0.13910187780857086, -0.9188224077224731, 0.08682956546545029, 0.02035392075777054, 1.164826512336731, 0.4041843116283417, 0.4051668345928192]","[0.015083092264831066, -1.7089682817459106, 1.5294922590255737, 1.1689629554748535, -0.1194625124335289, -0.13841813802719116, -0.9437088966369629, 0.06642616540193558, -0.04394770413637161, 1.2435470819473267, 0.391069620847702, 0.6889599561691284]",2.9666666984558105,68048,200,89,0,./sample_episode_images/episode_200/top/frame_008318.jpg,./sample_episode_images/episode_200/right/frame_000089.jpg,./sample_episode_images/episode_200/left/frame_008318.jpg
fold the garment on the table,"[0.015081853605806828, -1.7089660167694092, 1.5294909477233887, 1.1689633131027222, -0.1194562017917633, -0.13891060650348663, -0.9329659342765808, 0.0932455062866211, 0.010069113224744797, 1.187496542930603, 0.40059763193130493, 0.4845273792743683]","[0.015083092264831066, -1.7089682817459106, 1.5294922590255737, 1.1689629554748535, -0.1194625124335289, -0.13841813802719116, -0.9253707528114319, 0.028468357399106026, -0.09772271662950516, 1.293747901916504, 0.391069620847702, 0.6889599561691284]",3.0,68049,200,90,0,./sample_episode_images/episode_200/top/frame_008319.jpg,./sample_episode_images/episode_200/right/frame_000090.jpg,./sample_episode_images/episode_200/left/frame_008319.jpg
fold the garment on the table,"[0.015082284808158875, -1.7089660167694092, 1.5294909477233887, 1.1689633131027222, -0.11945796012878418, -0.1387728452682495, -0.9413415193557739, 0.09346223622560501, -0.008199031464755535, 1.2184422016143799, 0.39805540442466736, 0.5416498780250549]","[0.015083092264831066, -1.7089682817459106, 1.5294922590255737, 1.1689629554748535, -0.1194625124335289, -0.13841813802719116, -0.875998854637146, -0.025548525154590607, -0.15747272968292236, 1.3253028392791748, 0.38672441244125366, 0.6889599561691284]",3.0333333015441895,68050,200,91,0,./sample_episode_images/episode_200/top/frame_008320.jpg,./sample_episode_images/episode_200/right/frame_000091.jpg,./sample_episode_images/episode_200/left/frame_008320.jpg
fold the garment on the table,"[0.015082568861544132, -1.7089660167694092, 1.5294909477233887, 1.1689633131027222, -0.11945924907922745, -0.1386736035346985, -0.9404565095901489, 0.08373082429170609, -0.033979713916778564, 1.2505309581756592, 0.39510616660118103, 0.5827447175979614]","[0.015083092264831066, -1.7089682817459106, 1.5294922590255737, 1.1689629554748535, -0.11801448464393616, -0.13841813802719116, -0.802646279335022, -0.07810549437999725, -0.18884147703647614, 1.3496860265731812, 0.3809307813644409, 0.6889599561691284]",3.066666603088379,68051,200,92,0,./sample_episode_images/episode_200/top/frame_008321.jpg,./sample_episode_images/episode_200/right/frame_000092.jpg,./sample_episode_images/episode_200/left/frame_008321.jpg
fold the garment on the table,"[0.01508522778749466, -1.7089660167694092, 1.5294909477233887, 1.1689633131027222, -0.11905666440725327, -0.1386021226644516, -0.9257305860519409, 0.06110324338078499, -0.06398040801286697, 1.279512882232666, 0.39143648743629456, 0.6123827695846558]","[0.01077363733202219, -1.7089682817459106, 1.5294922590255737, 1.1689629554748535, -0.11656645685434341, -0.13841813802719116, -0.7236512303352356, -0.12920254468917847, -0.18734772503376007, 1.3640291690826416, 0.33168497681617737, 0.6889599561691284]",3.0999999046325684,68052,200,93,0,./sample_episode_images/episode_200/top/frame_008322.jpg,./sample_episode_images/episode_200/right/frame_000093.jpg,./sample_episode_images/episode_200/left/frame_008322.jpg
fold the garment on the table,"[0.014174841344356537, -1.7089660167694092, 1.5294909477233887, 1.1689590215682983, -0.1183679923415184, -0.1385500133037567, -0.8942835927009583, 0.024648301303386688, -0.0916130393743515, 1.302747130393982, 0.3750890791416168, 0.63380366563797]","[0.009337152354419231, -1.7089682817459106, 1.5294922590255737, 1.1689629554748535, -0.11656645685434341, -0.13841813802719116, -0.633371114730835, -0.18613925576210022, -0.14104147255420685, 1.3798065185546875, 0.2954748272895813, 0.6889599561691284]",3.133333444595337,68053,200,94,0,./sample_episode_images/episode_200/top/frame_008323.jpg,./sample_episode_images/episode_200/right/frame_000094.jpg,./sample_episode_images/episode_200/left/frame_008323.jpg
fold the garment on the table,"[0.012842162512242794, -1.7089660167694092, 1.5294909477233887, 1.1689592599868774, -0.11786394566297531, -0.1385130137205124, -0.8447738289833069, -0.02575586549937725, -0.10790155082941055, 1.321242332458496, 0.3531269431114197, 0.6493474841117859]","[0.009337152354419231, -1.7089682817459106, 1.5294922590255737, 1.1689629554748535, -0.11656645685434341, -0.13841813802719116, -0.5628398060798645, -0.2445358783006668, -0.052910204976797104, 1.3798065185546875, 0.2853359878063202, 0.6340643763542175]",3.1666667461395264,68054,200,95,0,./sample_episode_images/episode_200/top/frame_008324.jpg,./sample_episode_images/episode_200/right/frame_000095.jpg,./sample_episode_images/episode_200/left/frame_008324.jpg
fold the garment on the table,"[0.011761260218918324, -1.7089660167694092, 1.5294909477233887, 1.1689625978469849, -0.11749832332134247, -0.13848668336868286, -0.7791246771812439, -0.08885940164327621, -0.10378380119800568, 1.332762598991394, 0.33431002497673035, 0.6452900171279907]","[0.009337152354419231, -1.7089682817459106, 1.5294922590255737, 1.1689629554748535, -0.11656645685434341, -0.13841813802719116, -0.5021829009056091, -0.31461185216903687, 0.06808356195688248, 1.3683321475982666, 0.2824391722679138, 0.42190030217170715]",3.200000047683716,68055,200,96,0,./sample_episode_images/episode_200/top/frame_008325.jpg,./sample_episode_images/episode_200/right/frame_000096.jpg,./sample_episode_images/episode_200/left/frame_008325.jpg
fold the garment on the table,"[0.011005152016878128, -1.7089660167694092, 1.5294909477233887, 1.1689625978469849, -0.11723557859659195, -0.13846765458583832, -0.7029245495796204, -0.1621534526348114, -0.073483407497406, 1.3365663290023804, 0.3197926878929138, 0.5831440091133118]","[0.009337152354419231, -1.7089682817459106, 1.5294922590255737, 1.1689629554748535, -0.11656645685434341, -0.13841813802719116, -0.43165159225463867, -0.40658652782440186, 0.23239609599113464, 1.3181312084197998, 0.2838875651359558, 0.06582076102495193]",3.2333333492279053,68056,200,97,0,./sample_episode_images/episode_200/top/frame_008326.jpg,./sample_episode_images/episode_200/right/frame_000097.jpg,./sample_episode_images/episode_200/left/frame_008326.jpg
fold the garment on the table,"[0.010484201833605766, -1.7089660167694092, 1.5294909477233887, 1.1689625978469849, -0.11704696714878082, -0.1384538859128952, -0.6213803887367249, -0.24587593972682953, -0.009181738831102848, 1.3251391649246216, 0.3096506595611572, 0.47203198075294495]","[0.009337152354419231, -1.7089682817459106, 1.5294922590255737, 1.1675286293029785, -0.11656645685434341, -0.13841813802719116, -0.35547778010368347, -0.4956413805484772, 0.3757961094379425, 1.2693647146224976, 0.2838875651359558, -0.1745329201221466]",3.2666666507720947,68057,200,98,0,./sample_episode_images/episode_200/top/frame_008327.jpg,./sample_episode_images/episode_200/right/frame_000098.jpg,./sample_episode_images/episode_200/left/frame_008327.jpg
fold the garment on the table,"[0.010124539956450462, -1.7089403867721558, 1.5295422077178955, 1.16859769821167, -0.1169116273522377, -0.13844555616378784, -0.537907600402832, -0.3325243294239044, 0.07972963154315948, 1.3049495220184326, 0.30230212211608887, 0.3609199821949005]","[0.009337152354419231, -1.7089682817459106, 1.5294922590255737, 1.1675286293029785, -0.11656645685434341, -0.13841813802719116, -0.27366146445274353, -0.5788565874099731, 0.5206899046897888, 1.2263354063034058, 0.2824391722679138, -0.08106204867362976]",3.299999952316284,68058,200,99,0,./sample_episode_images/episode_200/top/frame_008328.jpg,./sample_episode_images/episode_200/right/frame_000099.jpg,./sample_episode_images/episode_200/left/frame_008328.jpg
fold the garment on the table,"[0.009878799319267273, -1.7089430093765259, 1.529544711112976, 1.1682963371276855, -0.11681436002254486, -0.13843773305416107, -0.4546999931335449, -0.41744789481163025, 0.18580904603004456, 1.2789350748062134, 0.2966097295284271, 0.24989503622055054]","[0.007900667376816273, -1.7089682817459106, 1.5294922590255737, 1.1675286293029785, -0.11656645685434341, -0.13841813802719116, -0.190434530377388, -0.6722912192344666, 0.6805211901664734, 1.161791443824768, 0.2838875651359558, -0.14782695472240448]",3.3333332538604736,68059,200,100,0,./sample_episode_images/episode_200/top/frame_008329.jpg,./sample_episode_images/episode_200/right/frame_000100.jpg,./sample_episode_images/episode_200/left/frame_008329.jpg
fold the garment on the table,"[0.009406059980392456, -1.7089533805847168, 1.529524564743042, 1.1680737733840942, -0.11674674600362778, -0.13843178749084473, -0.3724658787250519, -0.49625054001808167, 0.2963397204875946, 1.2445790767669678, 0.29293954372406006, 0.14260660111904144]","[0.007900667376816273, -1.7089682817459106, 1.5294922590255737, 1.1675286293029785, -0.12091054767370224, -0.14275191724300385, -0.11567134410142899, -0.7467468976974487, 0.8224274516105652, 1.1001160144805908, 0.2838875651359558, -0.14189229905605316]",3.366666555404663,68060,200,101,0,./sample_episode_images/episode_200/top/frame_008330.jpg,./sample_episode_images/episode_200/right/frame_000101.jpg,./sample_episode_images/episode_200/left/frame_008330.jpg
fold the garment on the table,"[0.008940939791500568, -1.7089682817459106, 1.529496669769287, 1.1679080724716187, -0.11790575087070465, -0.13963773846626282, -0.2922809422016144, -0.5704766511917114, 0.4072203040122986, 1.203238844871521, 0.2903023064136505, 0.06302277743816376]","[0.007900667376816273, -1.7089682817459106, 1.5294922590255737, 1.1675286293029785, -0.12235857546329498, -0.13841813802719116, -0.06912068277597427, -0.8095232844352722, 0.9553712010383606, 1.0398750305175781, 0.2838875651359558, -0.1493106186389923]",3.4000000953674316,68061,200,102,0,./sample_episode_images/episode_200/top/frame_008331.jpg,./sample_episode_images/episode_200/right/frame_000102.jpg,./sample_episode_images/episode_200/left/frame_008331.jpg
fold the garment on the table,"[0.008615637198090553, -1.7089711427688599, 1.5294827222824097, 1.1678026914596558, -0.1191500723361969, -0.13929875195026398, -0.21854516863822937, -0.6410903930664062, 0.5180690884590149, 1.156386375427246, 0.28836509585380554, 0.0036306215915828943]","[0.007900667376816273, -1.7089682817459106, 1.5294922590255737, 1.1703972816467285, -0.12235857546329498, -0.14275191724300385, -0.04372940957546234, -0.8722996711730957, 1.0838336944580078, 0.9796339869499207, 0.2838875651359558, -0.1493106186389923]",3.433333396911621,68062,200,103,0,./sample_episode_images/episode_200/top/frame_008332.jpg,./sample_episode_images/episode_200/right/frame_000103.jpg,./sample_episode_images/episode_200/left/frame_008332.jpg
fold the garment on the table,"[0.00839836522936821, -1.7090314626693726, 1.5293688774108887, 1.1684461832046509, -0.12004782259464264, -0.14025910198688507, -0.15684571862220764, -0.708742082118988, 0.6289541721343994, 1.1058776378631592, 0.28694862127304077, -0.03916185721755028]","[0.007900667376816273, -1.7089682817459106, 1.5294922590255737, 1.1703972816467285, -0.12235857546329498, -0.14275191724300385, -0.036676280200481415, -0.9277764558792114, 1.1689774990081787, 0.9538164138793945, 0.2838875651359558, -0.1493106186389923]",3.4666666984558105,68063,200,104,0,./sample_episode_images/episode_200/top/frame_008333.jpg,./sample_episode_images/episode_200/right/frame_000104.jpg,./sample_episode_images/episode_200/left/frame_008333.jpg
fold the garment on the table,"[0.008244432508945465, -1.7090282440185547, 1.5293605327606201, 1.168994426727295, -0.12069464474916458, -0.1409567892551422, -0.11076214909553528, -0.7737139463424683, 0.7396568059921265, 1.0613937377929688, 0.28592413663864136, -0.06994583457708359]","[0.007900667376816273, -1.7089682817459106, 1.5294922590255737, 1.1703972816467285, -0.12235857546329498, -0.14275191724300385, -0.036676280200481415, -0.9847131371498108, 1.2212587594985962, 0.9566850066184998, 0.2838875651359558, -0.1493106186389923]",3.5,68064,200,105,0,./sample_episode_images/episode_200/top/frame_008334.jpg,./sample_episode_images/episode_200/right/frame_000105.jpg,./sample_episode_images/episode_200/left/frame_008334.jpg
fold the garment on the table,"[0.008137818425893784, -1.7090067863464355, 1.5294029712677002, 1.169398546218872, -0.12116040289402008, -0.14145956933498383, -0.08017458766698837, -0.8362439274787903, 0.8502974510192871, 1.0297877788543701, 0.2852146029472351, -0.09209493547677994]","[0.007900667376816273, -1.7089682817459106, 1.5294922590255737, 1.1732659339904785, -0.12235857546329498, -0.14275191724300385, -0.036676280200481415, -1.0474895238876343, 1.2839962244033813, 0.9581193327903748, 0.2824391722679138, -0.1493106186389923]",3.5333333015441895,68065,200,106,0,./sample_episode_images/episode_200/top/frame_008335.jpg,./sample_episode_images/episode_200/right/frame_000106.jpg,./sample_episode_images/episode_200/left/frame_008335.jpg
fold the garment on the table,"[0.008066929876804352, -1.7090357542037964, 1.529352068901062, 1.1704235076904297, -0.12149564176797867, -0.14181861281394958, -0.061699990183115005, -0.8971719145774841, 0.9607448577880859, 1.008454442024231, 0.2843483090400696, -0.1080707311630249]","[0.007900667376816273, -1.7089682817459106, 1.5294922590255737, 1.1732659339904785, -0.12091054767370224, -0.14275191724300385, -0.036676280200481415, -1.1073460578918457, 1.3497213125228882, 0.9566850066184998, 0.2824391722679138, -0.1493106186389923]",3.566666603088379,68066,200,107,0,./sample_episode_images/episode_200/top/frame_008336.jpg,./sample_episode_images/episode_200/right/frame_000107.jpg,./sample_episode_images/episode_200/left/frame_008336.jpg
fold the garment on the table,"[0.008017339743673801, -1.7090137004852295, 1.5293885469436646, 1.1712373495101929, -0.1213337704539299, -0.14208070933818817, -0.051191799342632294, -0.9564458131790161, 1.0692976713180542, 0.9940038323402405, 0.28376346826553345, -0.11961066722869873]","[0.007900667376816273, -1.7089682817459106, 1.5294922590255737, 1.1689629554748535, -0.11801448464393616, -0.14275191724300385, -0.036676280200481415, -1.1730422973632812, 1.406483769416809, 0.9523820877075195, 0.25781628489494324, -0.1493106186389923]",3.5999999046325684,68067,200,108,0,./sample_episode_images/episode_200/top/frame_008337.jpg,./sample_episode_images/episode_200/right/frame_000108.jpg,./sample_episode_images/episode_200/left/frame_008337.jpg
fold the garment on the table,"[0.007980819791555405, -1.7089042663574219, 1.529606580734253, 1.1707326173782349, -0.12040853500366211, -0.14227430522441864, -0.045428261160850525, -1.0143102407455444, 1.170650601387024, 0.983990490436554, 0.276512086391449, -0.12797102332115173]","[0.007900667376816273, -1.7089682817459106, 1.5309674739837646, 1.158922791481018, -0.12235857546329498, -0.14275191724300385, -0.03526565432548523, -1.2606372833251953, 1.4393463134765625, 0.9566850066184998, 0.2201577126979828, -0.1493106186389923]",3.633333444595337,68068,200,109,0,./sample_episode_images/episode_200/top/frame_008338.jpg,./sample_episode_images/episode_200/right/frame_000109.jpg,./sample_episode_images/episode_200/left/frame_008338.jpg
fold the garment on the table,"[0.00793763529509306, -1.7087674140930176, 1.5302194356918335, 1.1676433086395264, -0.12094897776842117, -0.14241763949394226, -0.04197810962796211, -1.0764795541763306, 1.2595670223236084, 0.9796653389930725, 0.26078715920448303, -0.13404588401317596]","[-0.030884427949786186, -1.7075138092041016, 1.539818286895752, 1.0025829076766968, -0.12525463104248047, -0.14130732417106628, -0.03526565432548523, -1.411008596420288, 1.475196361541748, 1.0154917240142822, 0.21291568875312805, -0.1493106186389923]",3.6666667461395264,68069,200,110,0,./sample_episode_images/episode_200/top/frame_008339.jpg,./sample_episode_images/episode_200/right/frame_000110.jpg,./sample_episode_images/episode_200/left/frame_008339.jpg
fold the garment on the table,"[-0.00042654809658415616, -1.7060153484344482, 1.5371642112731934, 1.1249592304229736, -0.12221884727478027, -0.14225950837135315, -0.039643414318561554, -1.1598162651062012, 1.3350659608840942, 0.9929226040840149, 0.24739767611026764, -0.13842147588729858]","[-0.09265328198671341, -1.7075138092041016, 1.539818286895752, 0.9581193327903748, -0.12525463104248047, -0.1369735449552536, -0.03526565432548523, -1.4854642152786255, 1.49162757396698, 1.0513495206832886, 0.21291568875312805, -0.1493106186389923]",3.700000047683716,68070,200,111,0,./sample_episode_images/episode_200/top/frame_008340.jpg,./sample_episode_images/episode_200/right/frame_000111.jpg,./sample_episode_images/episode_200/left/frame_008340.jpg
fold the garment on the table,"[-0.022494804114103317, -1.7051665782928467, 1.541093349456787, 1.0788986682891846, -0.12314896285533905, -0.14079205691814423, -0.0383010134100914, -1.2473331689834595, 1.392703652381897, 1.0133975744247437, 0.2377552092075348, -0.14159445464611053]","[-0.12281946837902069, -1.7075138092041016, 1.539818286895752, 0.9566850066184998, -0.23964904248714447, -0.13263976573944092, -0.03526565432548523, -1.558459997177124, 1.5050712823867798, 1.087207317352295, 0.21291568875312805, -0.1493106186389923]",3.7333333492279053,68071,200,112,0,./sample_episode_images/episode_200/top/frame_008341.jpg,./sample_episode_images/episode_200/right/frame_000112.jpg,./sample_episode_images/episode_200/left/frame_008341.jpg
fold the garment on the table,"[-0.05012158676981926, -1.7059122323989868, 1.5410069227218628, 1.0439248085021973, -0.15561847388744354, -0.13846878707408905, -0.03744710236787796, -1.3319952487945557, 1.4344006776809692, 1.0371485948562622, 0.23081053793430328, -0.14384733140468597]","[-0.07828842848539352, -1.7046048641204834, 1.539818286895752, 0.9925428032875061, -0.41196468472480774, -0.07052233070135117, -0.03526565432548523, -1.6168566942214966, 1.5170212984085083, 1.1173278093338013, 0.21291568875312805, -0.15079428255558014]",3.7666666507720947,68072,200,113,0,./sample_episode_images/episode_200/top/frame_008342.jpg,./sample_episode_images/episode_200/right/frame_000113.jpg,./sample_episode_images/episode_200/left/frame_008342.jpg
fold the garment on the table,"[-0.06356977671384811, -1.7070389986038208, 1.5379555225372314, 1.0277860164642334, -0.22704817354679108, -0.11942300945520401, -0.036856915801763535, -1.4110196828842163, 1.4640357494354248, 1.0616154670715332, 0.22580663859844208, -0.14584919810295105]","[-0.0409398227930069, -1.6929693222045898, 1.539818286895752, 1.0183603763580322, -0.4698858857154846, 0.08982732892036438, -0.03526565432548523, -1.663573980331421, 1.5244901180267334, 1.1431453227996826, 0.21291568875312805, -0.15079428255558014]",3.799999952316284,68073,200,114,0,./sample_episode_images/episode_200/top/frame_008343.jpg,./sample_episode_images/episode_200/right/frame_000114.jpg,./sample_episode_images/episode_200/left/frame_008343.jpg
fold the garment on the table,"[-0.06104305014014244, -1.7051459550857544, 1.5348424911499023, 1.023685336112976, -0.2948916256427765, -0.06091471388936043, -0.036427758634090424, -1.4820916652679443, 1.4848159551620483, 1.0856226682662964, 0.22220075130462646, -0.14726373553276062]","[-0.01077363733202219, -1.6667894124984741, 1.539818286895752, 1.0255318880081177, -0.5017425417900085, 0.2631783187389374, -0.03526565432548523, -1.704451560974121, 1.5304651260375977, 1.163225769996643, 0.21291568875312805, -0.15079428255558014]",3.8333332538604736,68074,200,115,0,./sample_episode_images/episode_200/top/frame_008344.jpg,./sample_episode_images/episode_200/right/frame_000115.jpg,./sample_episode_images/episode_200/left/frame_008344.jpg
fold the garment on the table,"[-0.04903130605816841, -1.6966880559921265, 1.532894492149353, 1.0231313705444336, -0.35272476077079773, 0.029702521860599518, -0.03611134737730026, -1.5451477766036987, 1.4996665716171265, 1.1080049276351929, 0.21960267424583435, -0.14826704561710358]","[0.006464182399213314, -1.621701717376709, 1.539818286895752, 1.0255318880081177, -0.5422874093055725, 0.3455200493335724, -0.03526565432548523, -1.7029917240142822, 1.531958818435669, 1.1660943031311035, 0.21146728098392487, -0.15079428255558014]",3.866666555404663,68075,200,116,0,./sample_episode_images/episode_200/top/frame_008345.jpg,./sample_episode_images/episode_200/right/frame_000116.jpg,./sample_episode_images/episode_200/left/frame_008345.jpg
fold the garment on the table,"[-0.03381742909550667, -1.6784590482711792, 1.5314817428588867, 1.0226376056671143, -0.40573233366012573, 0.1180649846792221, -0.035907648503780365, -1.592069149017334, 1.5091381072998047, 1.124458909034729, 0.2173270583152771, -0.1489696353673935]","[0.023702003061771393, -1.5518885850906372, 1.532442569732666, 1.0183603763580322, -0.5755921006202698, 0.3455200493335724, -0.03526565432548523, -1.7000718116760254, 1.531958818435669, 1.1660943031311035, 0.21146728098392487, -0.15079428255558014]",3.9000000953674316,68076,200,117,0,./sample_episode_images/episode_200/top/frame_008346.jpg,./sample_episode_images/episode_200/right/frame_000117.jpg,./sample_episode_images/episode_200/left/frame_008346.jpg
fold the garment on the table,"[-0.017732201144099236, -1.6461845636367798, 1.5290162563323975, 1.0203560590744019, -0.45323604345321655, 0.18175140023231506, -0.03574636951088905, -1.6245638132095337, 1.515220284461975, 1.1360538005828857, 0.21568579971790314, -0.14947007596492767]","[0.04812224581837654, -1.4471688270568848, 1.4867130517959595, 1.0169260501861572, -0.6132408976554871, 0.3484092056751251, -0.03526565432548523, -1.7000718116760254, 1.531958818435669, 1.1646599769592285, 0.21146728098392487, -0.15079428255558014]",3.933333396911621,68077,200,118,0,./sample_episode_images/episode_200/top/frame_008347.jpg,./sample_episode_images/episode_200/right/frame_000118.jpg,./sample_episode_images/episode_200/left/frame_008347.jpg
fold the garment on the table,"[0.0001907564146677032, -1.5929926633834839, 1.5190083980560303, 1.0192705392837524, -0.4979703724384308, 0.22839520871639252, -0.035621266812086105, -1.6472188234329224, 1.5195631980895996, 1.1439999341964722, 0.2145041674375534, -0.1498337984085083]","[0.08116140216588974, -1.3235414028167725, 1.4321327209472656, 1.0169260501861572, -0.629169225692749, 0.3455200493335724, -0.03526565432548523, -1.7000718116760254, 1.531958818435669, 1.1646599769592285, 0.21146728098392487, -0.15079428255558014]",3.9666666984558105,68078,200,119,0,./sample_episode_images/episode_200/top/frame_008348.jpg,./sample_episode_images/episode_200/right/frame_000119.jpg,./sample_episode_images/episode_200/left/frame_008348.jpg
fold the garment on the table,"[0.02188754826784134, -1.5191000699996948, 1.4982986450195312, 1.0191344022750854, -0.5346651673316956, 0.2611549198627472, -0.03552558645606041, -1.663096308708191, 1.5227560997009277, 1.1497031450271606, 0.21365337073802948, -0.15009620785713196]","[0.12281946837902069, -1.1810060739517212, 1.3716517686843872, 1.0169260501861572, -0.629169225692749, 0.3498538136482239, -0.03526565432548523, -1.7000718116760254, 1.531958818435669, 1.1646599769592285, 0.21146728098392487, -0.15079428255558014]",4.0,68079,200,120,0,./sample_episode_images/episode_200/top/frame_008349.jpg,./sample_episode_images/episode_200/right/frame_000120.jpg,./sample_episode_images/episode_200/left/frame_008349.jpg
fold the garment on the table,"[0.048823773860931396, -1.425794005393982, 1.4664545059204102, 1.0192912817001343, -0.5611010193824768, 0.28594642877578735, -0.03545478731393814, -1.6741982698440552, 1.5251587629318237, 1.1538364887237549, 0.21304091811180115, -0.15028716623783112]","[0.1745329201221466, -1.0326530933380127, 1.3200217485427856, 1.0169260501861572, -0.6306172609329224, 0.35129839181900024, -0.03526565432548523, -1.7000718116760254, 1.531958818435669, 1.1646599769592285, 0.21146728098392487, -0.15079428255558014]",4.0333333015441895,68080,200,121,0,./sample_episode_images/episode_200/top/frame_008350.jpg,./sample_episode_images/episode_200/right/frame_000121.jpg,./sample_episode_images/episode_200/left/frame_008350.jpg
fold the garment on the table,"[0.08229606598615646, -1.3186688423156738, 1.426665186882019, 1.0191048383712769, -0.5805200934410095, 0.30421456694602966, -0.03540295735001564, -1.6819508075714111, 1.5269826650619507, 1.1568398475646973, 0.21260009706020355, -0.15042640268802643]","[0.22768287360668182, -0.9104800820350647, 1.2801928520202637, 1.0011485815048218, -0.6248251795768738, 0.352742999792099, -0.03526565432548523, -1.7000718116760254, 1.531958818435669, 1.1646599769592285, 0.21146728098392487, -0.15079428255558014]",4.066666603088379,68081,200,122,0,./sample_episode_images/episode_200/top/frame_008351.jpg,./sample_episode_images/episode_200/right/frame_000122.jpg,./sample_episode_images/episode_200/left/frame_008351.jpg
fold the garment on the table,"[0.12163683027029037, -1.2091660499572754, 1.3853353261947632, 1.0146554708480835, -0.5929028391838074, 0.3177684247493744, -0.03536519408226013, -1.6873632669448853, 1.5283633470535278, 1.1590220928192139, 0.21228277683258057, -0.1505279242992401]","[0.2693409323692322, -0.8173958659172058, 1.2610158920288086, 0.9538164138793945, -0.6219291090965271, 0.352742999792099, -0.03526565432548523, -1.7000718116760254, 1.531958818435669, 1.1646599769592285, 0.21146728098392487, -0.15079428255558014]",4.099999904632568,68082,200,123,0,./sample_episode_images/episode_200/top/frame_008352.jpg,./sample_episode_images/episode_200/right/frame_000123.jpg,./sample_episode_images/episode_200/left/frame_008352.jpg
fold the garment on the table,"[0.16283176839351654, -1.101261019706726, 1.3477689027786255, 0.9979845285415649, -0.6010393500328064, 0.32753986120224, -0.03533773869276047, -1.6911448240280151, 1.5293971300125122, 1.1606056690216064, 0.21205443143844604, -0.15060177445411682]","[0.29519766569137573, -0.7359471917152405, 1.256590485572815, 0.8907067179679871, -0.6031047105789185, 0.35418757796287537, -0.03526565432548523, -1.7000718116760254, 1.531958818435669, 1.1646599769592285, 0.21291568875312805, -0.15079428255558014]",4.133333206176758,68083,200,124,0,./sample_episode_images/episode_200/top/frame_008353.jpg,./sample_episode_images/episode_200/right/frame_000124.jpg,./sample_episode_images/episode_200/left/frame_008353.jpg
fold the garment on the table,"[0.2010466605424881, -0.9992237687110901, 1.3176579475402832, 0.9677427411079407, -0.6016831398010254, 0.3350072205066681, -0.03531540930271149, -1.6937906742095947, 1.5301586389541626, 1.1617512702941895, 0.2122935950756073, -0.15065546333789825]","[0.3052530586719513, -0.6763150691986084, 1.241839051246643, 0.8290314078330994, -0.5712480545043945, 0.35418757796287537, -0.03526565432548523, -1.7000718116760254, 1.531958818435669, 1.1646599769592285, 0.21291568875312805, -0.15079428255558014]",4.166666507720947,68084,200,125,0,./sample_episode_images/episode_200/top/frame_008354.jpg,./sample_episode_images/episode_200/right/frame_000125.jpg,./sample_episode_images/episode_200/left/frame_008354.jpg
fold the garment on the table,"[0.23245970904827118, -0.9074172377586365, 1.2942965030670166, 0.9289292693138123, -0.5932804346084595, 0.3403787612915039, -0.03530227392911911, -1.6956449747085571, 1.530709981918335, 1.1625783443450928, 0.21246781945228577, -0.15069431066513062]","[0.3081260323524475, -0.6166830062866211, 1.202010154724121, 0.8017795085906982, -0.5640078783035278, 0.3556321859359741, -0.03526565432548523, -1.7000718116760254, 1.531958818435669, 1.1646599769592285, 0.21291568875312805, -0.15079428255558014]",4.199999809265137,68085,200,126,0,./sample_episode_images/episode_200/top/frame_008355.jpg,./sample_episode_images/episode_200/right/frame_000126.jpg,./sample_episode_images/episode_200/left/frame_008355.jpg
fold the garment on the table,"[0.2559131383895874, -0.8235638737678528, 1.270142912864685, 0.8937158584594727, -0.585168719291687, 0.34464031457901, -0.035292744636535645, -1.6969478130340576, 1.531102180480957, 1.1631723642349243, 0.21259331703186035, -0.1507224142551422]","[0.3081260323524475, -0.5555964708328247, 1.157755732536316, 0.7745276093482971, -0.5611118078231812, 0.3556321859359741, -0.03526565432548523, -1.7000718116760254, 1.531958818435669, 1.1646599769592285, 0.21436409652233124, -0.15079428255558014]",4.233333110809326,68086,200,127,0,./sample_episode_images/episode_200/top/frame_008356.jpg,./sample_episode_images/episode_200/right/frame_000127.jpg,./sample_episode_images/episode_200/left/frame_008356.jpg
fold the garment on the table,"[0.2724413275718689, -0.7457418441772461, 1.242285966873169, 0.8613572120666504, -0.5785089731216431, 0.3476870059967041, -0.03528323769569397, -1.6978650093078613, 1.5313764810562134, 1.1635982990264893, 0.21308723092079163, -0.15074267983436584]","[0.3081260323524475, -0.48432886600494385, 1.1238274574279785, 0.7200238108634949, -0.5437354445457458, 0.3556321859359741, -0.03526565432548523, -1.7000718116760254, 1.531958818435669, 1.1646599769592285, 0.21436409652233124, -0.15079428255558014]",4.266666889190674,68087,200,128,0,./sample_episode_images/episode_200/top/frame_008357.jpg,./sample_episode_images/episode_200/right/frame_000128.jpg,./sample_episode_images/episode_200/left/frame_008357.jpg
fold the garment on the table,"[0.28383514285087585, -0.6709803938865662, 1.2120106220245361, 0.8230474591255188, -0.5688589811325073, 0.34987232089042664, -0.035279277712106705, -1.698512077331543, 1.531565546989441, 1.163902997970581, 0.2134448140859604, -0.15075723826885223]","[0.3095625042915344, -0.413061261177063, 1.078097939491272, 0.7056807279586792, -0.5191189050674438, 0.3556321859359741, -0.03526565432548523, -1.7000718116760254, 1.531958818435669, 1.1646599769592285, 0.21436409652233124, -0.15079428255558014]",4.300000190734863,68088,200,129,0,./sample_episode_images/episode_200/top/frame_008358.jpg,./sample_episode_images/episode_200/right/frame_000129.jpg,./sample_episode_images/episode_200/left/frame_008358.jpg
fold the garment on the table,"[0.2894425094127655, -0.6003866791725159, 1.1722419261932373, 0.8070147037506104, -0.5553344488143921, 0.35152146220207214, -0.035276301205158234, -1.6989694833755493, 1.5316942930221558, 1.1641201972961426, 0.21370233595371246, -0.15076769888401031]","[0.31530845165252686, -0.3461569547653198, 1.0279430150985718, 0.695640504360199, -0.5075346827507019, 0.3556321859359741, -0.03526565432548523, -1.7000718116760254, 1.531958818435669, 1.1646599769592285, 0.21436409652233124, -0.15079428255558014]",4.333333492279053,68089,200,130,0,./sample_episode_images/episode_200/top/frame_008359.jpg,./sample_episode_images/episode_200/right/frame_000130.jpg,./sample_episode_images/episode_200/left/frame_008359.jpg
fold the garment on the table,"[0.290523499250412, -0.5377125144004822, 1.12794029712677, 0.80122309923172, -0.5408446192741394, 0.35262972116470337, -0.03527390584349632, -1.699292778968811, 1.5317809581756592, 1.1642749309539795, 0.21388764679431915, -0.15077517926692963]","[0.34978410601615906, -0.2996148467063904, 0.998440146446228, 0.6597827672958374, -0.47133392095565796, 0.3556321859359741, -0.03526565432548523, -1.7000718116760254, 1.531958818435669, 1.1646599769592285, 0.21436409652233124, -0.15079428255558014]",4.366666793823242,68090,200,131,0,./sample_episode_images/episode_200/top/frame_008360.jpg,./sample_episode_images/episode_200/right/frame_000131.jpg,./sample_episode_images/episode_200/left/frame_008360.jpg
fold the garment on the table,"[0.2952170968055725, -0.48146820068359375, 1.086090326309204, 0.7870288491249084, -0.5228884816169739, 0.3533986508846283, -0.03527199476957321, -1.699521541595459, 1.5318388938903809, 1.1643850803375244, 0.21402113139629364, -0.1507805734872818]","[0.3856962025165558, -0.2632538378238678, 0.9674620628356934, 0.6353995203971863, -0.440925270318985, 0.3556321859359741, -0.03526565432548523, -1.7000718116760254, 1.531958818435669, 1.1646599769592285, 0.21436409652233124, -0.15079428255558014]",4.400000095367432,68091,200,132,0,./sample_episode_images/episode_200/top/frame_008361.jpg,./sample_episode_images/episode_200/right/frame_000132.jpg,./sample_episode_images/episode_200/left/frame_008361.jpg
fold the garment on the table,"[0.30785977840423584, -0.42981886863708496, 1.047410249710083, 0.7620491981506348, -0.5020207166671753, 0.3539653420448303, -0.03527048975229263, -1.6996833086013794, 1.5318772792816162, 1.1644636392593384, 0.21411719918251038, -0.1507844179868698]","[0.41442590951919556, -0.22252948582172394, 0.9217326045036316, 0.6224907040596008, -0.42210090160369873, 0.3556321859359741, -0.03526565432548523, -1.7000718116760254, 1.531958818435669, 1.1660943031311035, 0.21436409652233124, -0.15079428255558014]",4.433333396911621,68092,200,133,0,./sample_episode_images/episode_200/top/frame_008362.jpg,./sample_episode_images/episode_200/right/frame_000133.jpg,./sample_episode_images/episode_200/left/frame_008362.jpg
fold the garment on the table,"[0.32787299156188965, -0.37969186902046204, 1.0084713697433472, 0.7353071570396423, -0.4808439612388611, 0.35440367460250854, -0.0352679081261158, -1.6998240947723389, 1.531852126121521, 1.1648845672607422, 0.21418622136116028, -0.15078559517860413]","[0.43310022354125977, -0.18762288987636566, 0.8863291144371033, 0.6052789688110352, -0.4003804326057434, 0.3556321859359741, -0.03526565432548523, -1.7000718116760254, 1.531958818435669, 1.1660943031311035, 0.21436409652233124, -0.15079428255558014]",4.4666666984558105,68093,200,134,0,./sample_episode_images/episode_200/top/frame_008363.jpg,./sample_episode_images/episode_200/right/frame_000134.jpg,./sample_episode_images/episode_200/left/frame_008363.jpg
fold the garment on the table,"[0.3509197533130646, -0.3329678475856781, 0.970357358455658, 0.7088990807533264, -0.45931798219680786, 0.3547412157058716, -0.03526768088340759, -1.699903130531311, 1.531867265701294, 1.1652261018753052, 0.21423600614070892, -0.15078823268413544]","[0.44602859020233154, -0.1425352245569229, 0.8465002179145813, 0.6067132949829102, -0.3902442157268524, 0.3556321859359741, -0.03526565432548523, -1.7000718116760254, 1.531958818435669, 1.1660943031311035, 0.21436409652233124, -0.15079428255558014]",4.5,68094,200,135,0,./sample_episode_images/episode_200/top/frame_008364.jpg,./sample_episode_images/episode_200/right/frame_000135.jpg,./sample_episode_images/episode_200/left/frame_008364.jpg
fold the garment on the table,"[0.3734329044818878, -0.28731569647789, 0.9311133027076721, 0.6883013844490051, -0.44124656915664673, 0.3550165295600891, -0.03526756167411804, -1.699949860572815, 1.5318996906280518, 1.1654760837554932, 0.2142719030380249, -0.1507902592420578]","[0.4532110095024109, -0.09308422356843948, 0.794870138168335, 0.6124505400657654, -0.3887961804866791, 0.3484092056751251, -0.03526565432548523, -1.7000718116760254, 1.531958818435669, 1.1660943031311035, 0.21436409652233124, -0.15079428255558014]",4.5333333015441895,68095,200,136,0,./sample_episode_images/episode_200/top/frame_008365.jpg,./sample_episode_images/episode_200/right/frame_000136.jpg,./sample_episode_images/episode_200/left/frame_008365.jpg
fold the garment on the table,"[0.39248356223106384, -0.24238340556621552, 0.8891712427139282, 0.6763961315155029, -0.42799413204193115, 0.3531928062438965, -0.03526732325553894, -1.6999794244766235, 1.531930923461914, 1.1656566858291626, 0.21429774165153503, -0.1507917195558548]","[0.4546475112438202, -0.05672319978475571, 0.7624169588088989, 0.6138848662376404, -0.3887961804866791, 0.3151836097240448, -0.03526565432548523, -1.7000718116760254, 1.531958818435669, 1.1660943031311035, 0.21436409652233124, -0.15079428255558014]",4.566666603088379,68096,200,137,0,./sample_episode_images/episode_200/top/frame_008366.jpg,./sample_episode_images/episode_200/right/frame_000137.jpg,./sample_episode_images/episode_200/left/frame_008366.jpg
fold the garment on the table,"[0.40742555260658264, -0.2008361667394638, 0.8480777144432068, 0.6688302159309387, -0.4183003008365631, 0.3426123857498169, -0.03526708483695984, -1.7000000476837158, 1.531954050064087, 1.1657863855361938, 0.21431635320186615, -0.1507926732301712]","[0.46470290422439575, -0.030543262138962746, 0.7417649030685425, 0.6138848662376404, -0.3887961804866791, 0.016153160482645035, -0.03526565432548523, -1.7000718116760254, 1.531958818435669, 1.1660943031311035, 0.21436409652233124, -0.15079428255558014]",4.599999904632568,68097,200,138,0,./sample_episode_images/episode_200/top/frame_008367.jpg,./sample_episode_images/episode_200/right/frame_000138.jpg,./sample_episode_images/episode_200/left/frame_008367.jpg
fold the garment on the table,"[0.42000165581703186, -0.1642422080039978, 0.8110185265541077, 0.6621924042701721, -0.4113088846206665, 0.2514858543872833, -0.03526684641838074, -1.700015664100647, 1.531968355178833, 1.165878176689148, 0.21432974934577942, -0.15079329907894135]","[0.4761947691440582, -0.021816615015268326, 0.7417649030685425, 0.6138848662376404, -0.3786599636077881, -0.11530467122793198, -0.03526565432548523, -1.7000718116760254, 1.531958818435669, 1.1660943031311035, 0.21436409652233124, -0.15079428255558014]",4.633333206176758,68098,200,139,0,./sample_episode_images/episode_200/top/frame_008368.jpg,./sample_episode_images/episode_200/right/frame_000139.jpg,./sample_episode_images/episode_200/left/frame_008368.jpg
fold the garment on the table,"[0.43065133690834045, -0.13677316904067993, 0.7824763655662537, 0.6573963165283203, -0.40429359674453735, 0.149806410074234, -0.035266607999801636, -1.700027585029602, 1.5319750308990479, 1.1659425497055054, 0.21433939039707184, -0.15079377591609955]","[0.47763127088546753, -0.021816615015268326, 0.7447152137756348, 0.6138848662376404, -0.36707574129104614, -0.16875456273555756, -0.03526565432548523, -1.7000718116760254, 1.531958818435669, 1.1660943031311035, 0.21436409652233124, -0.15079428255558014]",4.666666507720947,68099,200,140,0,./sample_episode_images/episode_200/top/frame_008369.jpg,./sample_episode_images/episode_200/right/frame_000140.jpg,./sample_episode_images/episode_200/left/frame_008369.jpg
fold the garment on the table,"[0.43897542357444763, -0.11798038333654404, 0.762830913066864, 0.6537405848503113, -0.3965623676776886, 0.06076149269938469, -0.03526638075709343, -1.7000383138656616, 1.5319766998291016, 1.1659877300262451, 0.21434631943702698, -0.15079404413700104]","[0.48050421476364136, -0.021816615015268326, 0.7447152137756348, 0.6138848662376404, -0.3656277060508728, -0.13841813802719116, -0.03526565432548523, -1.7000718116760254, 1.531958818435669, 1.1660943031311035, 0.21436409652233124, -0.15079428255558014]",4.699999809265137,68100,200,141,0,./sample_episode_images/episode_200/top/frame_008370.jpg,./sample_episode_images/episode_200/right/frame_000141.jpg,./sample_episode_images/episode_200/left/frame_008370.jpg
fold the garment on the table,"[0.4447507858276367, -0.10573095083236694, 0.7497961521148682, 0.6517184376716614, -0.3910059332847595, 0.005053806584328413, -0.03526626154780388, -1.7000459432601929, 1.5319759845733643, 1.1660192012786865, 0.21435129642486572, -0.15079404413700104]","[0.4848136901855469, -0.021816615015268326, 0.738814651966095, 0.6138848662376404, -0.36997178196907043, -0.1441964954137802, -0.03526565432548523, -1.7000718116760254, 1.531958818435669, 1.1660943031311035, 0.21436409652233124, -0.15079428255558014]",4.733333110809326,68101,200,142,0,./sample_episode_images/episode_200/top/frame_008371.jpg,./sample_episode_images/episode_200/right/frame_000142.jpg,./sample_episode_images/episode_200/left/frame_008371.jpg
fold the garment on the table,"[0.4491868019104004, -0.09690965712070465, 0.7403207421302795, 0.6502195596694946, -0.3881627023220062, -0.03668544441461563, -0.03526614233851433, -1.7000535726547241, 1.5319721698760986, 1.1660412549972534, 0.21435490250587463, -0.15079404413700104]","[0.4848136901855469, -0.027634380385279655, 0.715212345123291, 0.6138848662376404, -0.37431588768959045, -0.1441964954137802, -0.03526565432548523, -1.7000718116760254, 1.531958818435669, 1.1660943031311035, 0.21436409652233124, -0.15079428255558014]",4.766666889190674,68102,200,143,0,./sample_episode_images/episode_200/top/frame_008372.jpg,./sample_episode_images/episode_200/right/frame_000143.jpg,./sample_episode_images/episode_200/left/frame_008372.jpg
fold the garment on the table,"[0.4536691904067993, -0.08804874122142792, 0.730975329875946, 0.6475376486778259, -0.38604578375816345, -0.06678145378828049, -0.03526602312922478, -1.7000575065612793, 1.531968355178833, 1.166056752204895, 0.21435749530792236, -0.15079404413700104]","[0.4848136901855469, -0.05381431803107262, 0.6517810821533203, 0.6569141745567322, -0.3757639229297638, -0.1441964954137802, -0.03526565432548523, -1.7000718116760254, 1.531958818435669, 1.1660943031311035, 0.21436409652233124, -0.15079428255558014]",4.800000190734863,68103,200,144,0,./sample_episode_images/episode_200/top/frame_008373.jpg,./sample_episode_images/episode_200/right/frame_000144.jpg,./sample_episode_images/episode_200/left/frame_008373.jpg
fold the garment on the table,"[0.4599609076976776, -0.07577796280384064, 0.714163601398468, 0.6515393257141113, -0.38316085934638977, -0.08848383277654648, -0.035265903919935226, -1.700061321258545, 1.5319645404815674, 1.1660676002502441, 0.2143593281507492, -0.15079404413700104]","[0.4905596077442169, -0.09308422356843948, 0.5529463887214661, 0.7659217119216919, -0.38445210456848145, -0.1441964954137802, -0.03526565432548523, -1.7000718116760254, 1.531958818435669, 1.1660943031311035, 0.21436409652233124, -0.15079428255558014]",4.833333492279053,68104,200,145,0,./sample_episode_images/episode_200/top/frame_008374.jpg,./sample_episode_images/episode_200/right/frame_000145.jpg,./sample_episode_images/episode_200/left/frame_008374.jpg
fold the garment on the table,"[0.46761074662208557, -0.0669117197394371, 0.6816962361335754, 0.6856086254119873, -0.3835153877735138, -0.10411343723535538, -0.03526582941412926, -1.7000651359558105, 1.5319627523422241, 1.1660752296447754, 0.21436068415641785, -0.15079404413700104]","[0.504924476146698, -0.1178097277879715, 0.44526082277297974, 0.8591518998146057, -0.41486072540283203, -0.1441964954137802, -0.03526565432548523, -1.7000718116760254, 1.531958818435669, 1.1660943031311035, 0.21436409652233124, -0.15079428255558014]",4.866666793823242,68105,200,146,0,./sample_episode_images/episode_200/top/frame_008375.jpg,./sample_episode_images/episode_200/right/frame_000146.jpg,./sample_episode_images/episode_200/left/frame_008375.jpg
fold the garment on the table,"[0.4763062000274658, -0.06506505608558655, 0.6330879926681519, 0.7379830479621887, -0.3922603726387024, -0.11543956398963928, -0.03526582941412926, -1.7000676393508911, 1.5319627523422241, 1.1660802364349365, 0.21436163783073425, -0.15079404413700104]","[0.5178528428077698, -0.13671745359897614, 0.34200069308280945, 0.9351703524589539, -0.42934104800224304, -0.1441964954137802, -0.03526565432548523, -1.7000718116760254, 1.531958818435669, 1.1660943031311035, 0.21436409652233124, -0.15079428255558014]",4.900000095367432,68106,200,147,0,./sample_episode_images/episode_200/top/frame_008376.jpg,./sample_episode_images/episode_200/right/frame_000147.jpg,./sample_episode_images/episode_200/left/frame_008376.jpg
fold the garment on the table,"[0.48624882102012634, -0.06905370205640793, 0.5687199234962463, 0.7969834208488464, -0.4026351869106293, -0.12360583245754242, -0.03526582941412926, -1.7000676393508911, 1.5319627523422241, 1.1660840511322021, 0.21436229348182678, -0.15079404413700104]","[0.5451460480690002, -0.13817189633846283, 0.24021568894386292, 1.0011485815048218, -0.42934104800224304, -0.1441964954137802, -0.03526565432548523, -1.7000718116760254, 1.531958818435669, 1.1660943031311035, 0.21436409652233124, -0.15079428255558014]",4.933333396911621,68107,200,148,0,./sample_episode_images/episode_200/top/frame_008377.jpg,./sample_episode_images/episode_200/right/frame_000148.jpg,./sample_episode_images/episode_200/left/frame_008377.jpg
fold the garment on the table,"[0.4985963702201843, -0.07564845681190491, 0.48975127935409546, 0.8568994998931885, -0.4100990295410156, -0.12946629524230957, -0.03526582941412926, -1.7000676393508911, 1.5319627523422241, 1.1660878658294678, 0.21436277031898499, -0.15079404413700104]","[0.56812983751297, -0.13817189633846283, 0.15908272564411163, 1.0499151945114136, -0.42934104800224304, -0.1441964954137802, -0.03526565432548523, -1.7000718116760254, 1.531958818435669, 1.1660943031311035, 0.21436409652233124, -0.15079428255558014]",4.9666666984558105,68108,200,149,0,./sample_episode_images/episode_200/top/frame_008378.jpg,./sample_episode_images/episode_200/right/frame_000149.jpg,./sample_episode_images/episode_200/left/frame_008378.jpg
fold the garment on the table,"[0.5139977931976318, -0.08420705050230026, 0.4028981328010559, 0.9115908145904541, -0.41546154022216797, -0.13362722098827362, -0.03526582941412926, -1.7000676393508911, 1.5319627523422241, 1.166089653968811, 0.2143632471561432, -0.15079404413700104]","[0.5997324585914612, -0.13817189633846283, 0.08975091576576233, 1.08577299118042, -0.4307890832424164, -0.1441964954137802, -0.03526565432548523, -1.7000718116760254, 1.531958818435669, 1.1660943031311035, 0.21436409652233124, -0.15079428255558014]",5.0,68109,200,150,0,./sample_episode_images/episode_200/top/frame_008379.jpg,./sample_episode_images/episode_200/right/frame_000150.jpg,./sample_episode_images/episode_200/left/frame_008379.jpg
fold the garment on the table,"[0.5328095555305481, -0.09451963752508163, 0.3148423433303833, 0.9593128561973572, -0.4197079837322235, -0.13657736778259277, -0.03526582941412926, -1.7000676393508911, 1.5319627523422241, 1.166089653968811, 0.2143634706735611, -0.15079404413700104]","[0.6413905620574951, -0.13817189633846283, 0.029269978404045105, 1.1087219715118408, -0.4307890832424164, -0.1441964954137802, -0.03526565432548523, -1.7000718116760254, 1.531958818435669, 1.1660943031311035, 0.21436409652233124, -0.15079428255558014]",5.0333333015441895,68110,200,151,0,./sample_episode_images/episode_200/top/frame_008380.jpg,./sample_episode_images/episode_200/right/frame_000151.jpg,./sample_episode_images/episode_200/left/frame_008380.jpg
fold the garment on the table,"[0.5562030076980591, -0.1058586835861206, 0.23038023710250854, 0.9991337656974792, -0.42274945974349976, -0.1386798769235611, -0.03526582941412926, -1.7000676393508911, 1.5319627523422241, 1.166089653968811, 0.2143634706735611, -0.15079404413700104]","[0.6830486059188843, -0.13380858302116394, 0.004192516673356295, 1.1029846668243408, -0.4307890832424164, -0.1441964954137802, -0.03526565432548523, -1.7000718116760254, 1.531958818435669, 1.1660943031311035, 0.21436409652233124, -0.15079428255558014]",5.066666603088379,68111,200,152,0,./sample_episode_images/episode_200/top/frame_008381.jpg,./sample_episode_images/episode_200/right/frame_000152.jpg,./sample_episode_images/episode_200/left/frame_008381.jpg
fold the garment on the table,"[0.5847902297973633, -0.11875191330909729, 0.15704958140850067, 1.0251755714416504, -0.4249351918697357, -0.140169158577919, -0.03526582941412926, -1.7000676393508911, 1.5319627523422241, 1.166089653968811, 0.2143634706735611, -0.15079404413700104]","[0.7304525971412659, -0.10762863606214523, -0.014984365552663803, 1.1015503406524658, -0.4278930127620697, -0.1441964954137802, -0.03526565432548523, -1.7000718116760254, 1.531958818435669, 1.1660943031311035, 0.21436409652233124, -0.15079428255558014]",5.099999904632568,68112,200,153,0,./sample_episode_images/episode_200/top/frame_008382.jpg,./sample_episode_images/episode_200/right/frame_000153.jpg,./sample_episode_images/episode_200/left/frame_008382.jpg
fold the garment on the table,"[0.6186676621437073, -0.12863418459892273, 0.09468396008014679, 1.0430524349212646, -0.42570099234580994, -0.14122390747070312, -0.03526582941412926, -1.7000676393508911, 1.5319627523422241, 1.166089653968811, 0.2143634706735611, -0.15079404413700104]","[0.7778565883636475, -0.0596320815384388, -0.062189001590013504, 1.1044189929962158, -0.42210090160369873, -0.1441964954137802, -0.03526565432548523, -1.7000718116760254, 1.531958818435669, 1.1660943031311035, 0.21436409652233124, -0.15079428255558014]",5.133333206176758,68113,200,154,0,./sample_episode_images/episode_200/top/frame_008383.jpg,./sample_episode_images/episode_200/right/frame_000154.jpg,./sample_episode_images/episode_200/left/frame_008383.jpg
fold the garment on the table,"[0.6573776602745056, -0.12782706320285797, 0.036819979548454285, 1.0577312707901, -0.42465031147003174, -0.14200901985168457, -0.03526582941412926, -1.7000676393508911, 1.5319627523422241, 1.166089653968811, 0.2143634706735611, -0.15079404413700104]","[0.8209511637687683, -0.002908881986513734, -0.12266993522644043, 1.1087219715118408, -0.4206528663635254, -0.1441964954137802, -0.03526565432548523, -1.7000718116760254, 1.531958818435669, 1.1660943031311035, 0.21436409652233124, -0.15079428255558014]",5.166666507720947,68114,200,155,0,./sample_episode_images/episode_200/top/frame_008384.jpg,./sample_episode_images/episode_200/right/frame_000155.jpg,./sample_episode_images/episode_200/left/frame_008384.jpg
fold the garment on the table,"[0.6993112564086914, -0.11257001757621765, -0.020859410986304283, 1.070062518119812, -0.4235019385814667, -0.14258398115634918, -0.03526582941412926, -1.7000676393508911, 1.5319627523422241, 1.166089653968811, 0.2143634706735611, -0.15079404413700104]","[0.8582997918128967, 0.06254096329212189, -0.19200174510478973, 1.1087219715118408, -0.41920483112335205, -0.1441964954137802, -0.03526565432548523, -1.7000718116760254, 1.531958818435669, 1.1660943031311035, 0.21436409652233124, -0.15079428255558014]",5.199999809265137,68115,200,156,0,./sample_episode_images/episode_200/top/frame_008385.jpg,./sample_episode_images/episode_200/right/frame_000156.jpg,./sample_episode_images/episode_200/left/frame_008385.jpg
fold the garment on the table,"[0.7422398924827576, -0.08249682188034058, -0.08033245801925659, 1.0794249773025513, -0.42228978872299194, -0.14300546050071716, -0.03526582941412926, -1.7000676393508911, 1.5319627523422241, 1.166089653968811, 0.2143634706735611, -0.15079404413700104]","[0.888465940952301, 0.13817189633846283, -0.2790353000164032, 1.1115905046463013, -0.41920483112335205, -0.1441964954137802, -0.03526565432548523, -1.7000718116760254, 1.531958818435669, 1.1660943031311035, 0.21436409652233124, -0.15079428255558014]",5.233333110809326,68116,200,157,0,./sample_episode_images/episode_200/top/frame_008386.jpg,./sample_episode_images/episode_200/right/frame_000157.jpg,./sample_episode_images/episode_200/left/frame_008386.jpg
fold the garment on the table,"[0.783861517906189, -0.03745931014418602, -0.14523626863956451, 1.0874862670898438, -0.42143428325653076, -0.14331573247909546, -0.03526582941412926, -1.7000676393508911, 1.5319627523422241, 1.166089653968811, 0.2143634706735611, -0.15079404413700104]","[0.9085767269134521, 0.2021673023700714, -0.34394165873527527, 1.1130248308181763, -0.41920483112335205, -0.14275191724300385, -0.03526565432548523, -1.7000718116760254, 1.531958818435669, 1.1660943031311035, 0.21436409652233124, -0.15079428255558014]",5.266666889190674,68117,200,158,0,./sample_episode_images/episode_200/top/frame_008387.jpg,./sample_episode_images/episode_200/right/frame_000158.jpg,./sample_episode_images/episode_200/left/frame_008387.jpg
fold the garment on the table,"[0.8220431208610535, 0.016600236296653748, -0.21046720445156097, 1.092790126800537, -0.4208284318447113, -0.14309896528720856, -0.03526582941412926, -1.7000676393508911, 1.5319627523422241, 1.166089653968811, 0.2143634706735611, -0.15079404413700104]","[0.9157591462135315, 0.257436066865921, -0.39409658312797546, 1.1144591569900513, -0.424996942281723, -0.14130732417106628, -0.03526565432548523, -1.7000718116760254, 1.531958818435669, 1.1660943031311035, 0.21436409652233124, -0.15079428255558014]",5.300000190734863,68118,200,159,0,./sample_episode_images/episode_200/top/frame_008388.jpg,./sample_episode_images/episode_200/right/frame_000159.jpg,./sample_episode_images/episode_200/left/frame_008388.jpg
fold the garment on the table,"[0.8549501299858093, 0.07404104620218277, -0.27100929617881775, 1.0965498685836792, -0.4220205843448639, -0.14251269400119781, -0.03526582941412926, -1.7000676393508911, 1.5319627523422241, 1.166089653968811, 0.2143634706735611, -0.15079404413700104]","[0.9186321496963501, 0.33888477087020874, -0.46342840790748596, 1.1144591569900513, -0.42644497752189636, 0.050823356956243515, -0.03526565432548523, -1.7000718116760254, 1.531958818435669, 1.1660943031311035, 0.21436409652233124, -0.15079428255558014]",5.333333492279053,68119,200,160,0,./sample_episode_images/episode_200/top/frame_008389.jpg,./sample_episode_images/episode_200/right/frame_000160.jpg,./sample_episode_images/episode_200/left/frame_008389.jpg
fold the garment on the table,"[0.8813793659210205, 0.13706369698047638, -0.33184102177619934, 1.1006220579147339, -0.42330801486968994, -0.08847668021917343, -0.03526582941412926, -1.7000676393508911, 1.5319627523422241, 1.166089653968811, 0.2143634706735611, -0.15079404413700104]","[0.9272510409355164, 0.36797359585762024, -0.4870307147502899, 1.1144591569900513, -0.42644497752189636, 0.23717567324638367, -0.03526565432548523, -1.7000718116760254, 1.531958818435669, 1.1660943031311035, 0.21436409652233124, -0.15079428255558014]",5.366666793823242,68120,200,161,0,./sample_episode_images/episode_200/top/frame_008390.jpg,./sample_episode_images/episode_200/right/frame_000161.jpg,./sample_episode_images/episode_200/left/frame_008390.jpg
fold the garment on the table,"[0.9017797112464905, 0.1973404437303543, -0.38259440660476685, 1.101922631263733, -0.4242173135280609, 0.002633559051901102, -0.03526582941412926, -1.7000676393508911, 1.5319627523422241, 1.166089653968811, 0.2143634706735611, -0.15079404413700104]","[0.9444888830184937, 0.39124464988708496, -0.5047324299812317, 1.1374081373214722, -0.4278930127620697, 0.37730103731155396, -0.03526565432548523, -1.7000718116760254, 1.531958818435669, 1.1660943031311035, 0.21436409652233124, -0.15079428255558014]",5.400000095367432,68121,200,162,0,./sample_episode_images/episode_200/top/frame_008391.jpg,./sample_episode_images/episode_200/right/frame_000162.jpg,./sample_episode_images/episode_200/left/frame_008391.jpg
fold the garment on the table,"[0.9181511998176575, 0.2512107491493225, -0.4222177565097809, 1.109113335609436, -0.4252537786960602, 0.1060832217335701, -0.03526582941412926, -1.7000676393508911, 1.5319627523422241, 1.166089653968811, 0.2143634706735611, -0.15079404413700104]","[0.9703456163406372, 0.42033347487449646, -0.5298098921775818, 1.177568793296814, -0.42934104800224304, 0.4350847005844116, -0.03526565432548523, -1.7000718116760254, 1.531958818435669, 1.1660943031311035, 0.21436409652233124, -0.15079428255558014]",5.433333396911621,68122,200,163,0,./sample_episode_images/episode_200/top/frame_008392.jpg,./sample_episode_images/episode_200/right/frame_000163.jpg,./sample_episode_images/episode_200/left/frame_008392.jpg
fold the garment on the table,"[0.932937741279602, 0.30001911520957947, -0.4554905295372009, 1.1261054277420044, -0.42638182640075684, 0.19817118346691132, -0.03526582941412926, -1.7000676393508911, 1.5319627523422241, 1.166089653968811, 0.2143634706735611, -0.15079404413700104]","[0.9890199303627014, 0.45087671279907227, -0.5548873543739319, 1.2191637754440308, -0.44671741127967834, 0.43797388672828674, -0.036676280200481415, -1.7000718116760254, 1.531958818435669, 1.1660943031311035, 0.21436409652233124, -0.15079428255558014]",5.4666666984558105,68123,200,164,0,./sample_episode_images/episode_200/top/frame_008393.jpg,./sample_episode_images/episode_200/right/frame_000164.jpg,./sample_episode_images/episode_200/left/frame_008393.jpg
fold the garment on the table,"[0.947601318359375, 0.3447917401790619, -0.4848041236400604, 1.1506016254425049, -0.43203243613243103, 0.26530489325523376, -0.03556429222226143, -1.7000676393508911, 1.5319627523422241, 1.166089653968811, 0.2143615037202835, -0.15079452097415924]","[1.0033847093582153, 0.47996553778648376, -0.5888156890869141, 1.2693647146224976, -0.4872622489929199, 0.44519686698913574, -0.036676280200481415, -1.7000718116760254, 1.531958818435669, 1.1660943031311035, 0.21436409652233124, -0.15079428255558014]",5.5,68124,200,165,0,./sample_episode_images/episode_200/top/frame_008394.jpg,./sample_episode_images/episode_200/right/frame_000165.jpg,./sample_episode_images/episode_200/left/frame_008394.jpg
fold the garment on the table,"[0.9623734951019287, 0.38697099685668945, -0.5135478973388672, 1.182857632637024, -0.44742438197135925, 0.31565412878990173, -0.03590025752782822, -1.7000676393508911, 1.5319627523422241, 1.166089653968811, 0.21436287462711334, -0.15079452097415924]","[1.0148766040802002, 0.5061454772949219, -0.628644585609436, 1.3195655345916748, -0.5379433035850525, 0.4466414451599121, -0.036676280200481415, -1.7000718116760254, 1.531958818435669, 1.1660943031311035, 0.21436409652233124, -0.15079428255558014]",5.5333333015441895,68125,200,166,0,./sample_episode_images/episode_200/top/frame_008395.jpg,./sample_episode_images/episode_200/right/frame_000166.jpg,./sample_episode_images/episode_200/left/frame_008395.jpg
fold the garment on the table,"[0.9770553112030029, 0.4268839955329895, -0.5433924198150635, 1.220741629600525, -0.4726947247982025, 0.35230058431625366, -0.0361415334045887, -1.7000676393508911, 1.5319627523422241, 1.166089653968811, 0.21436375379562378, -0.15079452097415924]","[1.0191861391067505, 0.5279620885848999, -0.6773244142532349, 1.3539890050888062, -0.5524236559867859, 0.4480860233306885, -0.036676280200481415, -1.7000718116760254, 1.531958818435669, 1.1660943031311035, 0.21436409652233124, -0.15079428255558014]",5.566666603088379,68126,200,167,0,./sample_episode_images/episode_200/top/frame_008396.jpg,./sample_episode_images/episode_200/right/frame_000167.jpg,./sample_episode_images/episode_200/left/frame_008396.jpg
fold the garment on the table,"[0.9910697340965271, 0.4645822048187256, -0.5755939483642578, 1.2587178945541382, -0.4950290620326996, 0.3790605664253235, -0.03630831837654114, -1.7000676393508911, 1.5319627523422241, 1.166089653968811, 0.21436423063278198, -0.15079452097415924]","[1.0134401321411133, 0.5483242869377136, -0.7230538725852966, 1.374069333076477, -0.5538716912269592, 0.4480860233306885, -0.036676280200481415, -1.7000718116760254, 1.531958818435669, 1.1660943031311035, 0.21436409652233124, -0.15079428255558014]",5.599999904632568,68127,200,168,0,./sample_episode_images/episode_200/top/frame_008397.jpg,./sample_episode_images/episode_200/right/frame_000168.jpg,./sample_episode_images/episode_200/left/frame_008397.jpg
fold the garment on the table,"[1.0031565427780151, 0.4992358982563019, -0.6101459860801697, 1.2921596765518188, -0.5115692615509033, 0.3983220160007477, -0.03642310947179794, -1.7000676393508911, 1.5319627523422241, 1.166089653968811, 0.2143644392490387, -0.15079452097415924]","[0.9933293461799622, 0.573049783706665, -0.758457362651825, 1.395583987236023, -0.5582157373428345, 0.4480860233306885, -0.036676280200481415, -1.7000718116760254, 1.531958818435669, 1.1660943031311035, 0.21436409652233124, -0.15079428255558014]",5.633333206176758,68128,200,169,0,./sample_episode_images/episode_200/top/frame_008398.jpg,./sample_episode_images/episode_200/right/frame_000169.jpg,./sample_episode_images/episode_200/left/frame_008398.jpg
fold the garment on the table,"[1.0114139318466187, 0.530039370059967, -0.64610755443573, 1.3218456506729126, -0.5247251987457275, 0.41222378611564636, -0.03650210052728653, -1.7000676393508911, 1.5319627523422241, 1.166089653968811, 0.2143644392490387, -0.15079452097415924]","[0.9602901935577393, 0.5977752804756165, -0.783534824848175, 1.4156643152236938, -0.5596637725830078, 0.4480860233306885, -0.036676280200481415, -1.7000718116760254, 1.531958818435669, 1.1660943031311035, 0.21436409652233124, -0.15079428255558014]",5.666666507720947,68129,200,170,0,./sample_episode_images/episode_200/top/frame_008399.jpg,./sample_episode_images/episode_200/right/frame_000170.jpg,./sample_episode_images/episode_200/left/frame_008399.jpg
fold the garment on the table,"[1.013641357421875, 0.5564285516738892, -0.6809468269348145, 1.348402976989746, -0.5346444845199585, 0.4222705662250519, -0.036556441336870193, -1.7000676393508911, 1.5319627523422241, 1.166089653968811, 0.2143644392490387, -0.15079452097415924]","[0.9143226742744446, 0.6123197078704834, -0.8100874423980713, 1.4386132955551147, -0.5596637725830078, 0.44086307287216187, -0.036676280200481415, -1.7000718116760254, 1.531958818435669, 1.1660943031311035, 0.21436409652233124, -0.15079428255558014]",5.699999809265137,68130,200,171,0,./sample_episode_images/episode_200/top/frame_008400.jpg,./sample_episode_images/episode_200/right/frame_000171.jpg,./sample_episode_images/episode_200/left/frame_008400.jpg
fold the garment on the table,"[1.0076751708984375, 0.57877117395401, -0.7141135334968567, 1.3737109899520874, -0.5418251752853394, 0.4275135099887848, -0.03659382462501526, -1.7000676393508911, 1.5319627523422241, 1.166089653968811, 0.2143644392490387, -0.15079452097415924]","[0.8424984216690063, 0.6181374192237854, -0.8558169007301331, 1.475905418395996, -0.5611118078231812, 0.4394184947013855, -0.036676280200481415, -1.7000718116760254, 1.531958818435669, 1.1660943031311035, 0.21436409652233124, -0.15079428255558014]",5.733333110809326,68131,200,172,0,./sample_episode_images/episode_200/top/frame_008401.jpg,./sample_episode_images/episode_200/right/frame_000172.jpg,./sample_episode_images/episode_200/left/frame_008401.jpg
fold the garment on the table,"[0.9908624887466431, 0.5987300276756287, -0.7495819330215454, 1.4024114608764648, -0.547454833984375, 0.4308980703353882, -0.03661954775452614, -1.7000676393508911, 1.5319627523422241, 1.166089653968811, 0.2143644392490387, -0.15079452097415924]","[0.7563093304634094, 0.6166830062866211, -0.9280990362167358, 1.5289748907089233, -0.5611118078231812, 0.43797388672828674, -0.036676280200481415, -1.7000718116760254, 1.531958818435669, 1.1660943031311035, 0.21436409652233124, -0.15079428255558014]",5.766666889190674,68132,200,173,0,./sample_episode_images/episode_200/top/frame_008402.jpg,./sample_episode_images/episode_200/right/frame_000173.jpg,./sample_episode_images/episode_200/left/frame_008402.jpg
fold the garment on the table,"[0.9604992866516113, 0.6176289319992065, -0.7927802801132202, 1.4381111860275269, -0.5515554547309875, 0.4329306185245514, -0.03663725033402443, -1.7000676393508911, 1.5319627523422241, 1.166089653968811, 0.2143644392490387, -0.15079452097415924]","[0.6801756620407104, 0.6166830062866211, -1.0195579528808594, 1.6064276695251465, -0.5611118078231812, 0.4350847005844116, -0.036676280200481415, -1.7000718116760254, 1.531958818435669, 1.1660943031311035, 0.21436409652233124, -0.15079428255558014]",5.800000190734863,68133,200,174,0,./sample_episode_images/episode_200/top/frame_008403.jpg,./sample_episode_images/episode_200/right/frame_000174.jpg,./sample_episode_images/episode_200/left/frame_008403.jpg
fold the garment on the table,"[0.9158108234405518, 0.6358133554458618, -0.8480797410011292, 1.4850263595581055, -0.5544871687889099, 0.43358784914016724, -0.0366494320333004, -1.7000676393508911, 1.5319627523422241, 1.166089653968811, 0.2143644392490387, -0.15079452097415924]","[0.6097878813743591, 0.6166830062866211, -1.0549614429473877, 1.6480226516723633, -0.5480795502662659, 0.33251869678497314, -0.04514003545045853, -1.7000718116760254, 1.531958818435669, 1.1660943031311035, 0.21436409652233124, -0.15079428255558014]",5.833333492279053,68134,200,175,0,./sample_episode_images/episode_200/top/frame_008404.jpg,./sample_episode_images/episode_200/right/frame_000175.jpg,./sample_episode_images/episode_200/left/frame_008404.jpg
fold the garment on the table,"[0.8582493662834167, 0.6460161805152893, -0.9008612036705017, 1.5295430421829224, -0.5529198050498962, 0.40543031692504883, -0.03844882920384407, -1.7000669240951538, 1.531960129737854, 1.1660852432250977, 0.21435153484344482, -0.15079672634601593]","[0.5552014708518982, 0.6035930514335632, -1.0549614429473877, 1.6451539993286133, -0.5480795502662659, 0.08404896408319473, -0.04655066132545471, -1.7000718116760254, 1.5334525108337402, 1.1660943031311035, 0.21436409652233124, -0.15079428255558014]",5.866666793823242,68135,200,176,0,./sample_episode_images/episode_200/top/frame_008405.jpg,./sample_episode_images/episode_200/right/frame_000176.jpg,./sample_episode_images/episode_200/left/frame_008405.jpg
fold the garment on the table,"[0.7908841967582703, 0.6454706192016602, -0.9414538741111755, 1.5604277849197388, -0.5516874194145203, 0.31570249795913696, -0.0407690666615963, -1.7001357078552246, 1.5321544408798218, 1.166035532951355, 0.21435606479644775, -0.15079419314861298]","[0.5135433673858643, 0.5919575095176697, -1.0387349128723145, 1.6437196731567383, -0.5350472927093506, -0.1745329201221466, -0.04655066132545471, -1.7000718116760254, 1.5334525108337402, 1.1660943031311035, 0.21436409652233124, -0.15079428255558014]",5.900000095367432,68136,200,177,0,./sample_episode_images/episode_200/top/frame_008406.jpg,./sample_episode_images/episode_200/right/frame_000177.jpg,./sample_episode_images/episode_200/left/frame_008406.jpg
fold the garment on the table,"[0.7181030511856079, 0.6365056037902832, -0.9694900512695312, 1.5813871622085571, -0.5470559000968933, 0.20459088683128357, -0.042556699365377426, -1.7001473903656006, 1.5324673652648926, 1.1660362482070923, 0.21436205506324768, -0.15079286694526672]","[0.4718853235244751, 0.5657775402069092, -1.0018562078475952, 1.6451539993286133, -0.5060866475105286, -0.10952630639076233, -0.04514003545045853, -1.7000718116760254, 1.5334525108337402, 1.1660943031311035, 0.21436409652233124, -0.15079428255558014]",5.933333396911621,68137,200,178,0,./sample_episode_images/episode_200/top/frame_008408.jpg,./sample_episode_images/episode_200/right/frame_000178.jpg,./sample_episode_images/episode_200/left/frame_008408.jpg
fold the garment on the table,"[0.6441481113433838, 0.61933833360672, -0.9814534783363342, 1.5964683294296265, -0.5355491042137146, 0.11677170544862747, -0.04350307211279869, -1.7001210451126099, 1.5327717065811157, 1.166060447692871, 0.21436762809753418, -0.15079252421855927]","[0.41298943758010864, 0.5221443176269531, -0.962027370929718, 1.6437196731567383, -0.4800221025943756, -0.14708568155765533, -0.036676280200481415, -1.7000718116760254, 1.5334525108337402, 1.1660943031311035, 0.21291568875312805, -0.15079428255558014]",5.9666666984558105,68138,200,179,0,./sample_episode_images/episode_200/top/frame_008409.jpg,./sample_episode_images/episode_200/right/frame_000180.jpg,./sample_episode_images/episode_200/left/frame_008409.jpg
fold the garment on the table,"[0.5714015960693359, 0.5951051712036133, -0.9784373641014099, 1.6070754528045654, -0.5199582576751709, 0.0430329293012619, -0.042235974222421646, -1.7000887393951416, 1.533021330833435, 1.1660912036895752, 0.2139773815870285, -0.15079091489315033]","[0.34834760427474976, 0.474147766828537, -0.9074469804763794, 1.6365481615066528, -0.46409377455711365, -0.13986273109912872, -0.036676280200481415, -1.7000718116760254, 1.5334525108337402, 1.1660943031311035, 0.21291568875312805, -0.15079428255558014]",6.0,68139,200,180,0,./sample_episode_images/episode_200/top/frame_008410.jpg,./sample_episode_images/episode_200/right/frame_000181.jpg,./sample_episode_images/episode_200/left/frame_008410.jpg
fold the garment on the table,"[0.5003901124000549, 0.5639436841011047, -0.9607958197593689, 1.6129722595214844, -0.5042657256126404, -0.008087338879704475, -0.04056751728057861, -1.700061321258545, 1.5332032442092896, 1.1661067008972168, 0.21367761492729187, -0.15079282224178314]","[0.27939632534980774, 0.4334234297275543, -0.8351649045944214, 1.5963873863220215, -0.4583016633987427, -0.13986273109912872, -0.036676280200481415, -1.7000718116760254, 1.5334525108337402, 1.1660943031311035, 0.21291568875312805, -0.15079428255558014]",6.0333333015441895,68140,200,181,0,./sample_episode_images/episode_200/top/frame_008411.jpg,./sample_episode_images/episode_200/right/frame_000182.jpg,./sample_episode_images/episode_200/left/frame_008411.jpg
fold the garment on the table,"[0.43089982867240906, 0.526705801486969, -0.9283504486083984, 1.6068674325942993, -0.49135175347328186, -0.04493245109915733, -0.039358120411634445, -1.700045108795166, 1.5333231687545776, 1.1661152839660645, 0.21346156299114227, -0.1507941037416458]","[0.21331802010536194, 0.39851683378219604, -0.7333799004554749, 1.520369052886963, -0.4380292296409607, -0.13986273109912872, -0.036676280200481415, -1.7000718116760254, 1.5334525108337402, 1.1660943031311035, 0.21291568875312805, -0.15079428255558014]",6.066666603088379,68141,200,182,0,./sample_episode_images/episode_200/top/frame_008412.jpg,./sample_episode_images/episode_200/right/frame_000183.jpg,./sample_episode_images/episode_200/left/frame_008412.jpg
fold the garment on the table,"[0.36280837655067444, 0.48427248001098633, -0.878797709941864, 1.5815658569335938, -0.47640594840049744, -0.07148246467113495, -0.03852143511176109, -1.7000385522842407, 1.5333956480026245, 1.1661179065704346, 0.2133067548274994, -0.15079480409622192]","[0.16160455346107483, 0.3592469394207001, -0.6079925894737244, 1.4156643152236938, -0.3830040693283081, -0.13986273109912872, -0.04372940957546234, -1.7000718116760254, 1.5334525108337402, 1.1660943031311035, 0.21291568875312805, -0.15079428255558014]",6.099999904632568,68142,200,183,0,./sample_episode_images/episode_200/top/frame_008413.jpg,./sample_episode_images/episode_200/right/frame_000184.jpg,./sample_episode_images/episode_200/left/frame_008413.jpg
fold the garment on the table,"[0.29701751470565796, 0.4379761517047882, -0.8103744387626648, 1.533989667892456, -0.4502725303173065, -0.09060885012149811, -0.03943834453821182, -1.7000378370285034, 1.5334346294403076, 1.1661123037338257, 0.21318520605564117, -0.1507970243692398]","[0.13143837451934814, 0.296705961227417, -0.4398260712623596, 1.300919532775879, -0.34245920181274414, -0.13986273109912872, -0.04514003545045853, -1.7000718116760254, 1.5334525108337402, 1.1660943031311035, 0.21291568875312805, -0.15079428255558014]",6.133333206176758,68143,200,184,0,./sample_episode_images/episode_200/top/frame_008414.jpg,./sample_episode_images/episode_200/right/frame_000185.jpg,./sample_episode_images/episode_200/left/frame_008414.jpg
fold the garment on the table,"[0.2358781397342682, 0.38552215695381165, -0.7167646884918213, 1.4663612842559814, -0.4200458526611328, -0.10435117781162262, -0.041020676493644714, -1.7000423669815063, 1.5334526300430298, 1.166110634803772, 0.21310946345329285, -0.15079647302627563]","[0.13143837451934814, 0.21671171486377716, -0.24953238666057587, 1.1962147951126099, -0.32218679785728455, -0.13986273109912872, -0.04514003545045853, -1.7000718116760254, 1.5334525108337402, 1.1660943031311035, 0.21291568875312805, -0.15079428255558014]",6.166666507720947,68144,200,185,0,./sample_episode_images/episode_200/top/frame_008415.jpg,./sample_episode_images/episode_200/right/frame_000186.jpg,./sample_episode_images/episode_200/left/frame_008415.jpg
fold the garment on the table,"[0.18312391638755798, 0.3302834630012512, -0.6075880527496338, 1.3875610828399658, -0.39252904057502747, -0.11424015462398529, -0.04229050129652023, -1.7000499963760376, 1.5334596633911133, 1.1661094427108765, 0.21305786073207855, -0.15079545974731445]","[0.15154916048049927, 0.11053752154111862, -0.05923870950937271, 1.1072876453399658, -0.28453800082206726, -0.13986273109912872, -0.04514003545045853, -1.7000718116760254, 1.5334525108337402, 1.1660943031311035, 0.21291568875312805, -0.15079428255558014]",6.199999809265137,68145,200,186,0,./sample_episode_images/episode_200/top/frame_008416.jpg,./sample_episode_images/episode_200/right/frame_000187.jpg,./sample_episode_images/episode_200/left/frame_008416.jpg
fold the garment on the table,"[0.14301428198814392, 0.27478909492492676, -0.4971144199371338, 1.3077328205108643, -0.36216917634010315, -0.12143154442310333, -0.043178215622901917, -1.70005464553833, 1.5334609746932983, 1.1661056280136108, 0.21302007138729095, -0.15079480409622192]","[0.16447752714157104, -0.011635527946054935, 0.14138098061084747, 1.0226632356643677, -0.22951282560825348, -0.13263976573944092, -0.04514003545045853, -1.7000718116760254, 1.5334525108337402, 1.1660943031311035, 0.21291568875312805, -0.15079428255558014]",6.233333110809326,68146,200,187,0,./sample_episode_images/episode_200/top/frame_008417.jpg,./sample_episode_images/episode_200/right/frame_000188.jpg,./sample_episode_images/episode_200/left/frame_008417.jpg
fold the garment on the table,"[0.11786608397960663, 0.21262973546981812, -0.38624534010887146, 1.2273855209350586, -0.3249276280403137, -0.12461070716381073, -0.04379008337855339, -1.7000584602355957, 1.5334609746932983, 1.1661018133163452, 0.21299223601818085, -0.15079432725906372]","[0.17022347450256348, -0.10617419332265854, 0.3154480755329132, 0.9480791687965393, -0.1788317710161209, -0.13263976573944092, -0.04514003545045853, -1.7000718116760254, 1.5334525108337402, 1.1660943031311035, 0.21291568875312805, -0.1493106186389923]",6.266666889190674,68147,200,188,0,./sample_episode_images/episode_200/top/frame_008418.jpg,./sample_episode_images/episode_200/right/frame_000189.jpg,./sample_episode_images/episode_200/left/frame_008418.jpg
fold the garment on the table,"[0.10684967786073685, 0.14047226309776306, -0.2752912938594818, 1.148799180984497, -0.2839418947696686, -0.12688378989696503, -0.044210728257894516, -1.700061321258545, 1.5334606170654297, 1.1661014556884766, 0.2129717469215393, -0.15037992596626282]","[0.17022347450256348, -0.19344066083431244, 0.48066428303718567, 0.8605862259864807, -0.11656645685434341, -0.13119517266750336, -0.04655066132545471, -1.7000718116760254, 1.5334525108337402, 1.1660943031311035, 0.21291568875312805, -0.1493106186389923]",6.300000190734863,68148,200,189,0,./sample_episode_images/episode_200/top/frame_008419.jpg,./sample_episode_images/episode_200/right/frame_000190.jpg,./sample_episode_images/episode_200/left/frame_008419.jpg
fold the garment on the table,"[0.10723867267370224, 0.059068430215120316, -0.16412106156349182, 1.0681546926498413, -0.2370559573173523, -0.12811879813671112, -0.04479927569627762, -1.7000651359558105, 1.5334579944610596, 1.1660979986190796, 0.2129545956850052, -0.15008099377155304]","[0.16304104030132294, -0.28361600637435913, 0.6517810821533203, 0.7659217119216919, -0.09629403054714203, -0.13119517266750336, -0.0479612872004509, -1.7000718116760254, 1.5334525108337402, 1.1660943031311035, 0.21291568875312805, -0.1493106186389923]",6.333333492279053,68149,200,190,0,./sample_episode_images/episode_200/top/frame_008420.jpg,./sample_episode_images/episode_200/right/frame_000191.jpg,./sample_episode_images/episode_200/left/frame_008420.jpg
fold the garment on the table,"[0.11496929824352264, -0.029543530195951462, -0.052971839904785156, 0.9834862351417542, -0.19761472940444946, -0.12898853421211243, -0.04563333839178085, -1.7000689506530762, 1.533454179763794, 1.1660958528518677, 0.21294258534908295, -0.14986564218997955]","[0.16160455346107483, -0.3490658402442932, 0.7815938591957092, 0.698509156703949, -0.09484599530696869, -0.13119517266750336, -0.0479612872004509, -1.7000718116760254, 1.5334525108337402, 1.1660943031311035, 0.21291568875312805, -0.1493106186389923]",6.366666793823242,68150,200,191,0,./sample_episode_images/episode_200/top/frame_008421.jpg,./sample_episode_images/episode_200/right/frame_000192.jpg,./sample_episode_images/episode_200/left/frame_008421.jpg
fold the garment on the table,"[0.12621600925922394, -0.12177982181310654, 0.05756117030978203, 0.9020879864692688, -0.16881753504276276, -0.12954849004745483, -0.04634787514805794, -1.7000706195831299, 1.5334519147872925, 1.1660958528518677, 0.21293649077415466, -0.1497100442647934]","[0.17022347450256348, -0.4159701466560364, 0.8951799869537354, 0.6612170934677124, -0.09484599530696869, -0.13119517266750336, -0.0479612872004509, -1.7000718116760254, 1.5334525108337402, 1.1660943031311035, 0.21291568875312805, -0.1493106186389923]",6.400000095367432,68151,200,192,0,./sample_episode_images/episode_200/top/frame_008422.jpg,./sample_episode_images/episode_200/right/frame_000193.jpg,./sample_episode_images/episode_200/left/frame_008422.jpg
fold the garment on the table,"[0.13886280357837677, -0.21378614008426666, 0.16761451959609985, 0.8317579627037048, -0.14809350669384003, -0.12990237772464752, -0.046850353479385376, -1.7000706195831299, 1.5334519147872925, 1.1660958528518677, 0.2129318118095398, -0.1495981067419052]","[0.17165996134281158, -0.493055522441864, 0.9689372181892395, 0.6597827672958374, -0.09484599530696869, -0.13119517266750336, -0.0479612872004509, -1.7000718116760254, 1.5334525108337402, 1.1660943031311035, 0.21291568875312805, -0.1493106186389923]",6.433333396911621,68152,200,193,0,./sample_episode_images/episode_200/top/frame_008423.jpg,./sample_episode_images/episode_200/right/frame_000194.jpg,./sample_episode_images/episode_200/left/frame_008423.jpg
fold the garment on the table,"[0.15121419727802277, -0.3038032054901123, 0.2773752808570862, 0.7798688411712646, -0.13319090008735657, -0.13012169301509857, -0.047196902334690094, -1.7000706195831299, 1.5334519147872925, 1.1660958528518677, 0.21292810142040253, -0.14951756596565247]","[0.17022347450256348, -0.5657775402069092, 1.0131915807724, 0.6597827672958374, -0.0919499397277832, -0.13119517266750336, -0.0479612872004509, -1.7000718116760254, 1.5334525108337402, 1.1660943031311035, 0.21291568875312805, -0.1493106186389923]",6.4666666984558105,68153,200,194,0,./sample_episode_images/episode_200/top/frame_008424.jpg,./sample_episode_images/episode_200/right/frame_000195.jpg,./sample_episode_images/episode_200/left/frame_008424.jpg
fold the garment on the table,"[0.16134005784988403, -0.3903079330921173, 0.3873332738876343, 0.742906928062439, -0.12166931480169296, -0.1302986592054367, -0.04743539169430733, -1.7000706195831299, 1.5334519147872925, 1.1660958528518677, 0.21292515099048615, -0.149459570646286]","[0.17022347450256348, -0.631227433681488, 1.0662968158721924, 0.6597827672958374, -0.09050190448760986, -0.13119517266750336, -0.0479612872004509, -1.7000718116760254, 1.5334525108337402, 1.1660943031311035, 0.21291568875312805, -0.1493106186389923]",6.5,68154,200,195,0,./sample_episode_images/episode_200/top/frame_008425.jpg,./sample_episode_images/episode_200/right/frame_000196.jpg,./sample_episode_images/episode_200/left/frame_008425.jpg
fold the garment on the table,"[0.16821801662445068, -0.4713252782821655, 0.4974648058414459, 0.7166497111320496, -0.11296794563531876, -0.13044290244579315, -0.047599464654922485, -1.7000706195831299, 1.5334519147872925, 1.1660958528518677, 0.21292290091514587, -0.14941784739494324]","[0.17165996134281158, -0.6981316804885864, 1.1282528638839722, 0.6583484411239624, -0.08905387669801712, -0.13119517266750336, -0.0479612872004509, -1.7000718116760254, 1.5334525108337402, 1.1660943031311035, 0.21291568875312805, -0.1493106186389923]",6.5333333015441895,68155,200,196,0,./sample_episode_images/episode_200/top/frame_008426.jpg,./sample_episode_images/episode_200/right/frame_000197.jpg,./sample_episode_images/episode_200/left/frame_008426.jpg
fold the garment on the table,"[0.17210468649864197, -0.5460447669029236, 0.6078112125396729, 0.6978720426559448, -0.10629056394100189, -0.1305672973394394, -0.047712359577417374, -1.7000706195831299, 1.5334519147872925, 1.1660958528518677, 0.212921142578125, -0.14938780665397644]","[0.17165996134281158, -0.7548549175262451, 1.1887338161468506, 0.6597827672958374, -0.09339796751737595, -0.13552895188331604, -0.0479612872004509, -1.7000718116760254, 1.5334525108337402, 1.1660943031311035, 0.21291568875312805, -0.1493106186389923]",6.566666603088379,68156,200,197,0,./sample_episode_images/episode_200/top/frame_008427.jpg,./sample_episode_images/episode_200/right/frame_000198.jpg,./sample_episode_images/episode_200/left/frame_008427.jpg
fold the garment on the table,"[0.17375464737415314, -0.6142003536224365, 0.7182678580284119, 0.6849930286407471, -0.10268472135066986, -0.13187538087368011, -0.047790028154850006, -1.7000706195831299, 1.5334519147872925, 1.1660958528518677, 0.21291974186897278, -0.14936618506908417]","[0.17165996134281158, -0.8072147965431213, 1.256590485572815, 0.6526111960411072, -0.09484599530696869, -0.13552895188331604, -0.0479612872004509, -1.7000718116760254, 1.5334525108337402, 1.1660943031311035, 0.21291568875312805, -0.1493106186389923]",6.599999904632568,68157,200,198,0,./sample_episode_images/episode_200/top/frame_008428.jpg,./sample_episode_images/episode_200/right/frame_000199.jpg,./sample_episode_images/episode_200/left/frame_008428.jpg
fold the garment on the table,"[0.17398662865161896, -0.6755055785179138, 0.8289266228675842, 0.6742962598800659, -0.1004921942949295, -0.13284119963645935, -0.04784347116947174, -1.7000706195831299, 1.5334519147872925, 1.1660958528518677, 0.21291878819465637, -0.1493506282567978]","[0.17165996134281158, -0.8683013319969177, 1.3200217485427856, 0.651176929473877, -0.09339796751737595, -0.13841813802719116, -0.0479612872004509, -1.7000718116760254, 1.5334525108337402, 1.1660943031311035, 0.21291568875312805, -0.1493106186389923]",6.633333206176758,68158,200,199,0,./sample_episode_images/episode_200/top/frame_008429.jpg,./sample_episode_images/episode_200/right/frame_000200.jpg,./sample_episode_images/episode_200/left/frame_008429.jpg
fold the garment on the table,"[0.17357981204986572, -0.7325592637062073, 0.9397027492523193, 0.6665642261505127, -0.09850724041461945, -0.13435359299182892, -0.04788023605942726, -1.7000706195831299, 1.5334519147872925, 1.1660958528518677, 0.21291792392730713, -0.14933940768241882]","[0.17165996134281158, -0.9293878078460693, 1.3598506450653076, 0.6583484411239624, -0.08905387669801712, -0.13986273109912872, -0.0479612872004509, -1.7000718116760254, 1.5334525108337402, 1.1660943031311035, 0.21291568875312805, -0.1493106186389923]",6.666666507720947,68159,200,200,0,./sample_episode_images/episode_200/top/frame_008430.jpg,./sample_episode_images/episode_200/right/frame_000201.jpg,./sample_episode_images/episode_200/left/frame_008430.jpg
fold the garment on the table,"[0.17303785681724548, -0.7883672714233398, 1.050011157989502, 0.66371089220047, -0.09586405754089355, -0.13586387038230896, -0.04790552332997322, -1.7000706195831299, 1.5334519147872925, 1.1660958528518677, 0.21291744709014893, -0.14933133125305176]","[0.17165996134281158, -0.9962921142578125, 1.3834528923034668, 0.6612170934677124, -0.08760584145784378, -0.13986273109912872, -0.0479612872004509, -1.7000718116760254, 1.5334525108337402, 1.1660943031311035, 0.21291568875312805, -0.1493106186389923]",6.699999809265137,68160,200,201,0,./sample_episode_images/episode_200/top/frame_008431.jpg,./sample_episode_images/episode_200/right/frame_000202.jpg,./sample_episode_images/episode_200/left/frame_008431.jpg
fold the garment on the table,"[0.17252840101718903, -0.842349112033844, 1.1533564329147339, 0.6656026244163513, -0.09355636686086655, -0.13705527782440186, -0.04792291671037674, -1.7000706195831299, 1.5334519147872925, 1.1660958528518677, 0.21291697025299072, -0.14932553470134735]","[0.17165996134281158, -1.0646508932113647, 1.4114806652069092, 0.6741258502006531, -0.08760584145784378, -0.13986273109912872, -0.0479612872004509, -1.7000718116760254, 1.5334525108337402, 1.1660943031311035, 0.21291568875312805, -0.1493106186389923]",6.733333110809326,68161,200,202,0,./sample_episode_images/episode_200/top/frame_008432.jpg,./sample_episode_images/episode_200/right/frame_000203.jpg,./sample_episode_images/episode_200/left/frame_008432.jpg
fold the garment on the table,"[0.1721070259809494, -0.8967173099517822, 1.2417906522750854, 0.6723266839981079, -0.09189571440219879, -0.13797558844089508, -0.0479348823428154, -1.7000706195831299, 1.5334519147872925, 1.1660958528518677, 0.21291649341583252, -0.14932133257389069]","[0.17165996134281158, -1.1271917819976807, 1.426232099533081, 0.7271953821182251, -0.08760584145784378, -0.13986273109912872, -0.0479612872004509, -1.7000718116760254, 1.5334525108337402, 1.1646599769592285, 0.21291568875312805, -0.1493106186389923]",6.766666889190674,68162,200,203,0,./sample_episode_images/episode_200/top/frame_008433.jpg,./sample_episode_images/episode_200/right/frame_000204.jpg,./sample_episode_images/episode_200/left/frame_008433.jpg
fold the garment on the table,"[0.171796053647995, -0.9536125659942627, 1.310566782951355, 0.6921679973602295, -0.09070032089948654, -0.13863812386989594, -0.04794452339410782, -1.7000446319580078, 1.5335030555725098, 1.1657298803329468, 0.2129165381193161, -0.1493198573589325]","[0.17165996134281158, -1.1911872625350952, 1.4321327209472656, 0.797476589679718, -0.08760584145784378, -0.13986273109912872, -0.0479612872004509, -1.7000718116760254, 1.5334525108337402, 1.1646599769592285, 0.21291568875312805, -0.1493106186389923]",6.800000190734863,68163,200,204,0,./sample_episode_images/episode_200/top/frame_008434.jpg,./sample_episode_images/episode_200/right/frame_000205.jpg,./sample_episode_images/episode_200/left/frame_008434.jpg
fold the garment on the table,"[0.17158591747283936, -1.013635277748108, 1.3601449728012085, 0.7257640361785889, -0.08983930200338364, -0.13910570740699768, -0.047949519008398056, -1.7000471353530884, 1.5335053205490112, 1.1654279232025146, 0.21291637420654297, -0.14931708574295044]","[0.17165996134281158, -1.2653636932373047, 1.4454090595245361, 0.8835352063179016, -0.09339796751737595, -0.13986273109912872, -0.0479612872004509, -1.7000718116760254, 1.5334525108337402, 1.1646599769592285, 0.21291568875312805, -0.1493106186389923]",6.833333492279053,68164,200,205,0,./sample_episode_images/episode_200/top/frame_008435.jpg,./sample_episode_images/episode_200/right/frame_000206.jpg,./sample_episode_images/episode_200/left/frame_008435.jpg
fold the garment on the table,"[0.1714783012866974, -1.079289197921753, 1.3948075771331787, 0.7727338075637817, -0.09083149582147598, -0.13940344750881195, -0.04795286804437637, -1.700057864189148, 1.5334850549697876, 1.1652063131332397, 0.21291637420654297, -0.14931495487689972]","[0.17165996134281158, -1.3409945964813232, 1.4513095617294312, 0.965290904045105, -0.09484599530696869, -0.13986273109912872, -0.0479612872004509, -1.7000718116760254, 1.5334525108337402, 1.1646599769592285, 0.21291568875312805, -0.1493106186389923]",6.866666793823242,68165,200,206,0,./sample_episode_images/episode_200/top/frame_008436.jpg,./sample_episode_images/episode_200/right/frame_000207.jpg,./sample_episode_images/episode_200/left/frame_008436.jpg
fold the garment on the table,"[0.17144565284252167, -1.1493464708328247, 1.418561577796936, 0.8287935256958008, -0.0919569805264473, -0.13960114121437073, -0.0479552336037159, -1.7000691890716553, 1.5334621667861938, 1.1650457382202148, 0.2129162847995758, -0.14931340515613556]","[0.17165996134281158, -1.4224433898925781, 1.4645859003067017, 1.0499151945114136, -0.09484599530696869, -0.13986273109912872, -0.0479612872004509, -1.7000718116760254, 1.5334525108337402, 1.1646599769592285, 0.21291568875312805, -0.1493106186389923]",6.900000095367432,68166,200,207,0,./sample_episode_images/episode_200/top/frame_008437.jpg,./sample_episode_images/episode_200/right/frame_000208.jpg,./sample_episode_images/episode_200/left/frame_008437.jpg
fold the garment on the table,"[0.1714702695608139, -1.2240427732467651, 1.4353985786437988, 0.8917683362960815, -0.0927678644657135, -0.13971129059791565, -0.0479569211602211, -1.7000768184661865, 1.5334445238113403, 1.1649311780929565, 0.2129162847995758, -0.149312362074852]","[0.16878698766231537, -1.5198909044265747, 1.4778622388839722, 1.1173278093338013, -0.09484599530696869, -0.13986273109912872, -0.04655066132545471, -1.7000718116760254, 1.5334525108337402, 1.1646599769592285, 0.21146728098392487, -0.1493106186389923]",6.933333396911621,68167,200,208,0,./sample_episode_images/episode_200/top/frame_008438.jpg,./sample_episode_images/episode_200/right/frame_000209.jpg,./sample_episode_images/episode_200/left/frame_008438.jpg
fold the garment on the table,"[0.17093545198440552, -1.3052105903625488, 1.4498814344406128, 0.9558731913566589, -0.0933568924665451, -0.1397954523563385, -0.04766209051012993, -1.700081467628479, 1.5334343910217285, 1.1648513078689575, 0.21251466870307922, -0.14931128919124603]","[0.16160455346107483, -1.6129751205444336, 1.5029397010803223, 1.1474483013153076, -0.09629403054714203, -0.13986273109912872, -0.04655066132545471, -1.7000718116760254, 1.5334525108337402, 1.1646599769592285, 0.21146728098392487, -0.1493106186389923]",6.9666666984558105,68168,200,209,0,./sample_episode_images/episode_200/top/frame_008439.jpg,./sample_episode_images/episode_200/right/frame_000210.jpg,./sample_episode_images/episode_200/left/frame_008439.jpg
fold the garment on the table,"[0.1687866747379303, -1.3907911777496338, 1.4655557870864868, 1.01047682762146, -0.09419067203998566, -0.13986435532569885, -0.04732564464211464, -1.7000824213027954, 1.5334299802780151, 1.164793610572815, 0.21222080290317535, -0.14931108057498932]","[0.16016808152198792, -1.724967122077942, 1.539818286895752, 1.1087219715118408, -0.09484599530696869, -0.13408435881137848, -0.04655066132545471, -1.7000718116760254, 1.5334525108337402, 1.1646599769592285, 0.21291568875312805, -0.1493106186389923]",7.0,68169,200,210,0,./sample_episode_images/episode_200/top/frame_008440.jpg,./sample_episode_images/episode_200/right/frame_000211.jpg,./sample_episode_images/episode_200/left/frame_008440.jpg
fold the garment on the table,"[0.1662079095840454, -1.48276686668396, 1.4877500534057617, 1.0400339365005493, -0.09437893331050873, -0.1383543461561203, -0.04708161577582359, -1.7000824213027954, 1.5334299802780151, 1.1647531986236572, 0.21241281926631927, -0.14931108057498932]","[0.16016808152198792, -1.694423794746399, 1.539818286895752, 0.9566850066184998, -0.08905387669801712, -0.13841813802719116, -0.04655066132545471, -1.7000718116760254, 1.5334525108337402, 1.1503169536590576, 0.21001887321472168, -0.1493106186389923]",7.0333333015441895,68170,200,211,0,./sample_episode_images/episode_200/top/frame_008441.jpg,./sample_episode_images/episode_200/right/frame_000212.jpg,./sample_episode_images/episode_200/left/frame_008441.jpg
fold the garment on the table,"[0.1640806347131729, -1.545281171798706, 1.5077217817306519, 1.020369291305542, -0.09289652109146118, -0.13850665092468262, -0.04693492501974106, -1.6998177766799927, 1.5339411497116089, 1.1610695123672485, 0.21174748241901398, -0.14932632446289062]","[0.16016808152198792, -1.687151551246643, 1.539818286895752, 0.7702246904373169, -0.08905387669801712, -0.13986273109912872, -0.04514003545045853, -1.7000718116760254, 1.5259838104248047, 1.087207317352295, 0.21146728098392487, -0.1493106186389923]",7.066666603088379,68171,200,212,0,./sample_episode_images/episode_200/top/frame_008442.jpg,./sample_episode_images/episode_200/right/frame_000213.jpg,./sample_episode_images/episode_200/left/frame_008442.jpg
fold the garment on the table,"[0.162643700838089, -1.5843981504440308, 1.5248883962631226, 0.9543856978416443, -0.09182264655828476, -0.13903716206550598, -0.046573251485824585, -1.6983445882797241, 1.535225510597229, 1.142206072807312, 0.21167594194412231, -0.14939486980438232]","[0.1587315946817398, -1.6856971979141235, 1.5383431911468506, 0.5737241506576538, -0.08905387669801712, -0.13986273109912872, -0.04090815782546997, -1.7000718116760254, 1.5259838104248047, 1.0240975618362427, 0.21581248939037323, -0.1493106186389923]",7.099999904632568,68172,200,213,0,./sample_episode_images/episode_200/top/frame_008443.jpg,./sample_episode_images/episode_200/right/frame_000214.jpg,./sample_episode_images/episode_200/left/frame_008443.jpg
fold the garment on the table,"[0.16144022345542908, -1.6102570295333862, 1.5385684967041016, 0.8517560362815857, -0.09105175733566284, -0.13940028846263885, -0.04528827592730522, -1.6973094940185547, 1.5358606576919556, 1.1106349229812622, 0.21283960342407227, -0.14942850172519684]","[0.17884238064289093, -1.6711527109146118, 1.532442569732666, 0.5091801881790161, -0.10063812136650085, -0.13408435881137848, -0.04514003545045853, -1.6956920623779297, 1.5289713144302368, 0.9394732713699341, 0.2187093049287796, -0.15079428255558014]",7.133333206176758,68173,200,214,0,./sample_episode_images/episode_200/top/frame_008444.jpg,./sample_episode_images/episode_200/right/frame_000215.jpg,./sample_episode_images/episode_200/left/frame_008444.jpg
fold the garment on the table,"[0.16454888880252838, -1.6272382736206055, 1.5414429903030396, 0.7559438347816467, -0.09368474781513214, -0.13787555694580078, -0.04489409178495407, -1.6956316232681274, 1.5367357730865479, 1.0641522407531738, 0.2144758105278015, -0.14986713230609894]","[0.24923014640808105, -1.6507905721664429, 1.5339176654815674, 0.530694842338562, -0.18607191741466522, -0.13263976573944092, -0.05501442030072212, -1.6942322254180908, 1.5170212984085083, 0.916524350643158, 0.24478061497211456, -0.15227796137332916]",7.166666507720947,68174,200,215,0,./sample_episode_images/episode_200/top/frame_008445.jpg,./sample_episode_images/episode_200/right/frame_000216.jpg,./sample_episode_images/episode_200/left/frame_008445.jpg
fold the garment on the table,"[0.18217577040195465, -1.6372185945510864, 1.535017967224121, 0.6899359822273254, -0.11933624744415283, -0.13626374304294586, -0.04690823704004288, -1.6945401430130005, 1.5335732698440552, 1.0229195356369019, 0.22291064262390137, -0.1505337655544281]","[0.3584029972553253, -1.5984307527542114, 1.5280171632766724, 0.5694212317466736, -0.2961222231388092, -0.13263976573944092, -0.11143946647644043, -1.6781731843948364, 1.494615077972412, 0.9380390048027039, 0.3374786078929901, -0.153761625289917]",7.199999809265137,68175,200,216,0,./sample_episode_images/episode_200/top/frame_008446.jpg,./sample_episode_images/episode_200/right/frame_000217.jpg,./sample_episode_images/episode_200/left/frame_008446.jpg
fold the garment on the table,"[0.22280365228652954, -1.6331578493118286, 1.5232279300689697, 0.6519697904586792, -0.16856223344802856, -0.13507449626922607, -0.06064220517873764, -1.6906322240829468, 1.5234565734863281, 0.9982314109802246, 0.25478240847587585, -0.15139871835708618]","[0.4431556165218353, -1.5038920640945435, 1.5029397010803223, 0.5981073975563049, -0.33521905541419983, -0.13119517266750336, -0.1805601418018341, -1.6066372394561768, 1.4602588415145874, 0.9810683131217957, 0.4041052758693695, -0.153761625289917]",7.233333110809326,68176,200,217,0,./sample_episode_images/episode_200/top/frame_008447.jpg,./sample_episode_images/episode_200/right/frame_000218.jpg,./sample_episode_images/episode_200/left/frame_008447.jpg
fold the garment on the table,"[0.2801184356212616, -1.6053218841552734, 1.5070725679397583, 0.6327561736106873, -0.21511508524417877, -0.13382084667682648, -0.08986709266901016, -1.6709448099136353, 1.5038985013961792, 0.9915329813957214, 0.2964228689670563, -0.15198302268981934]","[0.48912313580513, -1.3846278190612793, 1.4557350873947144, 0.6138848662376404, -0.3381151258945465, -0.12830600142478943, -0.2299320548772812, -1.4913039207458496, 1.4154462814331055, 1.0083202123641968, 0.4475574493408203, -0.15227796137332916]",7.266666889190674,68177,200,218,0,./sample_episode_images/episode_200/top/frame_008448.jpg,./sample_episode_images/episode_200/right/frame_000219.jpg,./sample_episode_images/episode_200/left/frame_008448.jpg
fold the garment on the table,"[0.33965864777565, -1.55056893825531, 1.4855890274047852, 0.6245561242103577, -0.24956104159355164, -0.1321435421705246, -0.12765413522720337, -1.6259232759475708, 1.4760026931762695, 0.9944421052932739, 0.338654488325119, -0.15198425948619843]","[0.5192893147468567, -1.239183783531189, 1.3849281072616577, 0.6153191328048706, -0.3583875596523285, -0.07918988168239594, -0.26096582412719727, -1.3453123569488525, 1.3556963205337524, 1.0154917240142822, 0.4939064383506775, -0.1493106186389923]",7.300000190734863,68178,200,219,0,./sample_episode_images/episode_200/top/frame_008449.jpg,./sample_episode_images/episode_200/right/frame_000220.jpg,./sample_episode_images/episode_200/left/frame_008449.jpg
fold the garment on the table,"[0.3927953243255615, -1.4682176113128662, 1.4556523561477661, 0.6209388971328735, -0.28003862500190735, -0.11727959662675858, -0.16574706137180328, -1.5523544549942017, 1.440412163734436, 0.9994164705276489, 0.38207459449768066, -0.15117713809013367]","[0.5595108866691589, -1.0559241771697998, 1.2846182584762573, 0.6339651942253113, -0.3859001398086548, 0.052267950028181076, -0.27930396795272827, -1.1803418397903442, 1.28250253200531, 1.0169260501861572, 0.5257713794708252, -0.13595764338970184]",7.333333492279053,68179,200,220,0,./sample_episode_images/episode_200/top/frame_008450.jpg,./sample_episode_images/episode_200/right/frame_000221.jpg,./sample_episode_images/episode_200/left/frame_008450.jpg
fold the garment on the table,"[0.44065573811531067, -1.359985113143921, 1.4111979007720947, 0.6251887679100037, -0.3096587061882019, -0.06989546120166779, -0.1993439793586731, -1.4521549940109253, 1.3961634635925293, 1.0043237209320068, 0.42229992151260376, -0.1468912959098816]","[0.612660825252533, -0.8944812417030334, 1.1784077882766724, 0.6913375854492188, -0.3902442157268524, 0.15194477140903473, -0.30187398195266724, -1.0504093170166016, 1.2361962795257568, 1.0240975618362427, 0.5532910823822021, -0.04100309684872627]",7.366666793823242,68180,200,221,0,./sample_episode_images/episode_200/top/frame_008451.jpg,./sample_episode_images/episode_200/right/frame_000222.jpg,./sample_episode_images/episode_200/left/frame_008451.jpg
fold the garment on the table,"[0.48806312680244446, -1.2485477924346924, 1.3531577587127686, 0.6455405354499817, -0.33220675587654114, -0.007926429621875286, -0.22900134325027466, -1.3438911437988281, 1.3493481874465942, 1.0098674297332764, 0.4589565694332123, -0.11730292439460754]","[0.6686837673187256, -0.7490371465682983, 1.0825233459472656, 0.7573158740997314, -0.3931402862071991, 0.20106087625026703, -0.3244440257549286, -0.9555148482322693, 1.2078150510787964, 1.0413093566894531, 0.5923980474472046, 0.12665101885795593]",7.400000095367432,68181,200,222,0,./sample_episode_images/episode_200/top/frame_008452.jpg,./sample_episode_images/episode_200/right/frame_000223.jpg,./sample_episode_images/episode_200/left/frame_008452.jpg
fold the garment on the table,"[0.5372493863105774, -1.1371530294418335, 1.2825744152069092, 0.6783339381217957, -0.3492412567138672, 0.05047038197517395, -0.2561885416507721, -1.2369481325149536, 1.3049342632293701, 1.0179619789123535, 0.49626901745796204, -0.04911511391401291]","[0.7189607620239258, -0.6166830062866211, 0.9910644292831421, 0.8075167536735535, -0.39893239736557007, 0.22995270788669586, -0.33996090292930603, -0.8941983580589294, 1.1898900270462036, 1.0456122159957886, 0.6199177503585815, 0.32546210289001465]",7.433333396911621,68182,200,223,0,./sample_episode_images/episode_200/top/frame_008453.jpg,./sample_episode_images/episode_200/right/frame_000224.jpg,./sample_episode_images/episode_200/left/frame_008453.jpg
fold the garment on the table,"[0.5871500372886658, -1.0259060859680176, 1.2035595178604126, 0.7155951857566833, -0.36313188076019287, 0.10063143074512482, -0.28044459223747253, -1.1403684616088867, 1.268133282661438, 1.0250731706619263, 0.5308615565299988, 0.05426759272813797]","[0.7548728585243225, -0.5366887450218201, 0.933533787727356, 0.8290314078330994, -0.42934104800224304, 0.2285081148147583, -0.3512459099292755, -0.8737595677375793, 1.1869025230407715, 1.0484808683395386, 0.6445406675338745, 0.4545409381389618]",7.4666666984558105,68183,200,224,0,./sample_episode_images/episode_200/top/frame_008454.jpg,./sample_episode_images/episode_200/right/frame_000225.jpg,./sample_episode_images/episode_200/left/frame_008454.jpg
fold the garment on the table,"[0.6343813538551331, -0.9150223135948181, 1.1236306428909302, 0.7468916773796082, -0.38163086771965027, 0.13642415404319763, -0.30121392011642456, -1.0630455017089844, 1.2416317462921143, 1.030835509300232, 0.5626697540283203, 0.1619529277086258]","[0.7864755392074585, -0.4959644079208374, 0.8951799869537354, 0.8290314078330994, -0.44382134079933167, 0.23139730095863342, -0.36817342042922974, -0.8693798184394836, 1.1883962154388428, 1.0685611963272095, 0.6764056086540222, 0.47234490513801575]",7.5,68184,200,225,0,./sample_episode_images/episode_200/top/frame_008455.jpg,./sample_episode_images/episode_200/right/frame_000226.jpg,./sample_episode_images/episode_200/left/frame_008455.jpg
fold the garment on the table,"[0.6774089932441711, -0.8055680394172668, 1.0501196384429932, 0.7680438756942749, -0.39902475476264954, 0.1630484014749527, -0.3202193081378937, -1.0057710409164429, 1.223761796951294, 1.0402140617370605, 0.5944663882255554, 0.2488037645816803]","[0.8166416883468628, -0.474147766828537, 0.8656771183013916, 0.8290314078330994, -0.4481654465198517, 0.23139730095863342, -0.3977965712547302, -0.8635401725769043, 1.1898900270462036, 1.08290433883667, 0.7184093594551086, 0.46195924282073975]",7.5333333015441895,68185,200,226,0,./sample_episode_images/episode_200/top/frame_008456.jpg,./sample_episode_images/episode_200/right/frame_000227.jpg,./sample_episode_images/episode_200/left/frame_008456.jpg
fold the garment on the table,"[0.7167208194732666, -0.711250364780426, 0.9901081323623657, 0.7829086184501648, -0.41277527809143066, 0.18221968412399292, -0.34100982546806335, -0.9635986089706421, 1.2125234603881836, 1.0513739585876465, 0.629082202911377, 0.3084450364112854]","[0.8468078970909119, -0.45233115553855896, 0.8346990346908569, 0.8290314078330994, -0.44671741127967834, 0.23284189403057098, -0.4302409589290619, -0.8635401725769043, 1.191383719444275, 1.0915101766586304, 0.7444806694984436, 0.46195924282073975]",7.566666603088379,68186,200,227,0,./sample_episode_images/episode_200/top/frame_008457.jpg,./sample_episode_images/episode_200/right/frame_000228.jpg,./sample_episode_images/episode_200/left/frame_008457.jpg
fold the garment on the table,"[0.7533667683601379, -0.6355131268501282, 0.9424461722373962, 0.7944869995117188, -0.4222838580608368, 0.1964031606912613, -0.3650617003440857, -0.9332080483436584, 1.206207513809204, 1.0622831583023071, 0.6613354086875916, 0.351380854845047]","[0.8784105777740479, -0.42615121603012085, 0.8125718832015991, 0.8304657340049744, -0.445269376039505, 0.23284189403057098, -0.4782022535800934, -0.8635401725769043, 1.191383719444275, 1.1044189929962158, 0.7517227530479431, 0.46195924282073975]",7.599999904632568,68187,200,228,0,./sample_episode_images/episode_200/top/frame_008458.jpg,./sample_episode_images/episode_200/right/frame_000229.jpg,./sample_episode_images/episode_200/left/frame_008458.jpg
fold the garment on the table,"[0.7882825136184692, -0.5740253329277039, 0.9033596515655518, 0.8035560846328735, -0.42872098088264465, 0.2066119760274887, -0.39483731985092163, -0.9116306900978088, 1.2024219036102295, 1.0739142894744873, 0.6865884065628052, 0.3822936415672302]","[0.9114497303962708, -0.3854268789291382, 0.7933949828147888, 0.8290314078330994, -0.440925270318985, 0.23284189403057098, -0.5261635780334473, -0.8620802164077759, 1.1928775310516357, 1.1058533191680908, 0.7502743005752563, 0.46195924282073975]",7.633333206176758,68188,200,229,0,./sample_episode_images/episode_200/top/frame_008459.jpg,./sample_episode_images/episode_200/right/frame_000230.jpg,./sample_episode_images/episode_200/left/frame_008459.jpg
fold the garment on the table,"[0.8223283886909485, -0.5205132365226746, 0.8698415160179138, 0.8098601698875427, -0.4321384131908417, 0.2139664888381958, -0.4303063154220581, -0.8962015509605408, 1.200467824935913, 1.082994818687439, 0.7043981552124023, 0.4045567214488983]","[0.9401794075965881, -0.34033921360969543, 0.7786435484886169, 0.8275970816612244, -0.43947726488113403, 0.23284189403057098, -0.5628398060798645, -0.8620802164077759, 1.1928775310516357, 1.1058533191680908, 0.7444806694984436, 0.46195924282073975]",7.666666507720947,68189,200,230,0,./sample_episode_images/episode_200/top/frame_008460.jpg,./sample_episode_images/episode_200/right/frame_000231.jpg,./sample_episode_images/episode_200/left/frame_008460.jpg
fold the garment on the table,"[0.8553670644760132, -0.4708535075187683, 0.8405964374542236, 0.8137805461883545, -0.4341941177845001, 0.21927843987941742, -0.46764475107192993, -0.8852623701095581, 1.1993328332901, 1.0896008014678955, 0.71564781665802, 0.4206050634384155]","[0.9674726128578186, -0.30397817492485046, 0.7579915523529053, 0.8275970816612244, -0.440925270318985, 0.23284189403057098, -0.5910523533821106, -0.8620802164077759, 1.1928775310516357, 1.1072876453399658, 0.7430322766304016, 0.46195924282073975]",7.699999809265137,68190,200,231,0,./sample_episode_images/episode_200/top/frame_008461.jpg,./sample_episode_images/episode_200/right/frame_000232.jpg,./sample_episode_images/episode_200/left/frame_008461.jpg
fold the garment on the table,"[0.8870478868484497, -0.4241342544555664, 0.8147764205932617, 0.816783607006073, -0.43608036637306213, 0.22309911251068115, -0.5033024549484253, -0.8776993155479431, 1.1983574628829956, 1.094694972038269, 0.7233575582504272, 0.4321753680706024]","[1.0019482374191284, -0.2719804644584656, 0.7461903691291809, 0.8261627554893494, -0.445269376039505, 0.23284189403057098, -0.6122117638587952, -0.8620802164077759, 1.1928775310516357, 1.1087219715118408, 0.7401354908943176, 0.46195924282073975]",7.733333110809326,68191,200,232,0,./sample_episode_images/episode_200/top/frame_008462.jpg,./sample_episode_images/episode_200/right/frame_000233.jpg,./sample_episode_images/episode_200/left/frame_008462.jpg
fold the garment on the table,"[0.9183570146560669, -0.3812512755393982, 0.7927963733673096, 0.8184809684753418, -0.43863168358802795, 0.22584661841392517, -0.535332977771759, -0.8725709915161133, 1.1974127292633057, 1.0987217426300049, 0.728110134601593, 0.44051557779312134]","[1.0292414426803589, -0.24434609711170197, 0.738814651966095, 0.8017795085906982, -0.445269376039505, 0.23284189403057098, -0.6418349146842957, -0.8606203198432922, 1.1928775310516357, 1.1044189929962158, 0.7111673355102539, 0.46195924282073975]",7.766666889190674,68192,200,233,0,./sample_episode_images/episode_200/top/frame_008463.jpg,./sample_episode_images/episode_200/right/frame_000234.jpg,./sample_episode_images/episode_200/left/frame_008463.jpg
fold the garment on the table,"[0.9493845701217651, -0.34241724014282227, 0.7759227752685547, 0.813376247882843, -0.4404926300048828, 0.22780893743038177, -0.565677285194397, -0.8687787652015686, 1.196664571762085, 1.1005136966705322, 0.7234326601028442, 0.44651150703430176]","[1.0392968654632568, -0.22398391366004944, 0.747665524482727, 0.7515786290168762, -0.445269376039505, 0.23428648710250854, -0.6855642795562744, -0.8606203198432922, 1.194371223449707, 1.0929445028305054, 0.6908896565437317, 0.46195924282073975]",7.800000190734863,68193,200,234,0,./sample_episode_images/episode_200/top/frame_008464.jpg,./sample_episode_images/episode_200/right/frame_000235.jpg,./sample_episode_images/episode_200/left/frame_008464.jpg
fold the garment on the table,"[0.9775211215019226, -0.30858999490737915, 0.7661396265029907, 0.7957449555397034, -0.4418763518333435, 0.2296299934387207, -0.5983222723007202, -0.8660867214202881, 1.1964436769485474, 1.0986155271530151, 0.7143297791481018, 0.4508146643638611]","[1.0407333374023438, -0.18616844713687897, 0.7565163969993591, 0.7042464017868042, -0.445269376039505, 0.23428648710250854, -0.7180086970329285, -0.8606203198432922, 1.215283751487732, 1.059955358505249, 0.6778540015220642, 0.46195924282073975]",7.833333492279053,68194,200,235,0,./sample_episode_images/episode_200/top/frame_008465.jpg,./sample_episode_images/episode_200/right/frame_000236.jpg,./sample_episode_images/episode_200/left/frame_008465.jpg
fold the garment on the table,"[1.0001044273376465, -0.2760307192802429, 0.7607133984565735, 0.7696430087089539, -0.4428960084915161, 0.2309662103652954, -0.6320170164108276, -0.8650828003883362, 1.19990873336792, 1.0877156257629395, 0.7041407227516174, 0.4539370834827423]","[1.0407333374023438, -0.1454441100358963, 0.7535660862922668, 0.6741258502006531, -0.445269376039505, 0.23428648710250854, -0.7222405672073364, -0.8606203198432922, 1.242171287536621, 1.0298348665237427, 0.6677151918411255, 0.46195924282073975]",7.866666793823242,68195,200,236,0,./sample_episode_images/episode_200/top/frame_008466.jpg,./sample_episode_images/episode_200/right/frame_000237.jpg,./sample_episode_images/episode_200/left/frame_008466.jpg
fold the garment on the table,"[1.0164332389831543, -0.24150535464286804, 0.7561305165290833, 0.7422628402709961, -0.44362637400627136, 0.23194067180156708, -0.6599587798118591, -0.8651028275489807, 1.2083042860031128, 1.0708471536636353, 0.6940210461616516, 0.456231951713562]","[1.0493522882461548, -0.09453866630792618, 0.7520909309387207, 0.626793622970581, -0.440925270318985, 0.23428648710250854, -0.7264724373817444, -0.8606203198432922, 1.2571088075637817, 1.0126230716705322, 0.6677151918411255, 0.46195924282073975]",7.900000095367432,68196,200,237,0,./sample_episode_images/episode_200/top/frame_008467.jpg,./sample_episode_images/episode_200/right/frame_000238.jpg,./sample_episode_images/episode_200/left/frame_008467.jpg
fold the garment on the table,"[1.0283281803131104, -0.2035151720046997, 0.7525211572647095, 0.7096107006072998, -0.44291234016418457, 0.23262327909469604, -0.6807597279548645, -0.864795446395874, 1.2196935415267944, 1.0538973808288574, 0.6867031455039978, 0.4578797221183777]","[1.0637171268463135, -0.05381431803107262, 0.7284886240959167, 0.6196220517158508, -0.4423733055591583, 0.23428648710250854, -0.729293704032898, -0.8606203198432922, 1.2600963115692139, 0.9982799887657166, 0.6677151918411255, 0.46195924282073975]",7.933333396911621,68197,200,238,0,./sample_episode_images/episode_200/top/frame_008468.jpg,./sample_episode_images/episode_200/right/frame_000239.jpg,./sample_episode_images/episode_200/left/frame_008468.jpg
fold the garment on the table,"[1.0385475158691406, -0.16196417808532715, 0.7451160550117493, 0.6839966177940369, -0.4427601397037506, 0.23311147093772888, -0.6960437893867493, -0.8636100888252258, 1.2312812805175781, 1.0382941961288452, 0.6814322471618652, 0.4590384066104889]","[1.0637171268463135, -0.03199770301580429, 0.6975106000900269, 0.6526111960411072, -0.445269376039505, 0.23428648710250854, -0.72506183385849, -0.8606203198432922, 1.2675650119781494, 0.9868055582046509, 0.6677151918411255, 0.46195924282073975]",7.9666666984558105,68198,200,239,0,./sample_episode_images/episode_200/top/frame_008469.jpg,./sample_episode_images/episode_200/right/frame_000240.jpg,./sample_episode_images/episode_200/left/frame_008469.jpg
fold the garment on the table,"[1.0473309755325317, -0.12199152261018753, 0.7327159643173218, 0.674667239189148, -0.4434759020805359, 0.23346731066703796, -0.7059606313705444, -0.8624458312988281, 1.2420496940612793, 1.023935317993164, 0.6776431202888489, 0.4598691761493683]","[1.0637171268463135, -0.02327105589210987, 0.6901348829269409, 0.6784288287162781, -0.44671741127967834, 0.23428648710250854, -0.72506183385849, -0.8606203198432922, 1.2810087203979492, 0.9868055582046509, 0.6677151918411255, 0.46195924282073975]",8.0,68199,200,240,0,./sample_episode_images/episode_200/top/frame_008470.jpg,./sample_episode_images/episode_200/right/frame_000241.jpg,./sample_episode_images/episode_200/left/frame_008470.jpg
fold the garment on the table,"[1.0539872646331787, -0.0896986573934555, 0.7210202813148499, 0.6750466227531433, -0.4444015324115753, 0.23371785879135132, -0.712207555770874, -0.8619813919067383, 1.2523051500320435, 1.0131428241729736, 0.6748803853988647, 0.46047571301460266]","[1.0665900707244873, -0.036361027508974075, 0.6916099786758423, 0.7157208919525146, -0.44671741127967834, 0.23284189403057098, -0.7236512303352356, -0.8606203198432922, 1.2869837284088135, 0.9896741509437561, 0.6662667393684387, 0.46195924282073975]",8.033333778381348,68200,200,241,0,./sample_episode_images/episode_200/top/frame_008471.jpg,./sample_episode_images/episode_200/right/frame_000242.jpg,./sample_episode_images/episode_200/left/frame_008471.jpg
fold the garment on the table,"[1.0553308725357056, -0.07417973130941391, 0.708247721195221, 0.6828958988189697, -0.4504539966583252, 0.23340226709842682, -0.7160964012145996, -0.8615911602973938, 1.26192045211792, 1.0063362121582031, 0.6724849343299866, 0.4609054923057556]","[1.0594077110290527, -0.07272205501794815, 0.6916099786758423, 0.7558815479278564, -0.4481654465198517, 0.23139730095863342, -0.7236512303352356, -0.8606203198432922, 1.2869837284088135, 0.9911084771156311, 0.6662667393684387, 0.46195924282073975]",8.066666603088379,68201,200,242,0,./sample_episode_images/episode_200/top/frame_008472.jpg,./sample_episode_images/episode_200/right/frame_000243.jpg,./sample_episode_images/episode_200/left/frame_008472.jpg
fold the garment on the table,"[1.0557278394699097, -0.07155467569828033, 0.699751615524292, 0.7015455961227417, -0.44979313015937805, 0.23289108276367188, -0.7185726761817932, -0.860893189907074, 1.2700492143630981, 1.0022274255752563, 0.6707559823989868, 0.46119755506515503]","[1.0550981760025024, -0.12944525480270386, 0.6916099786758423, 0.7702246904373169, -0.4481654465198517, 0.23428648710250854, -0.7236512303352356, -0.8606203198432922, 1.2854900360107422, 0.9868055582046509, 0.6662667393684387, 0.46195924282073975]",8.100000381469727,68202,200,243,0,./sample_episode_images/episode_200/top/frame_008473.jpg,./sample_episode_images/episode_200/right/frame_000244.jpg,./sample_episode_images/episode_200/left/frame_008473.jpg
fold the garment on the table,"[1.0561589002609253, -0.08087318390607834, 0.6994003057479858, 0.7206811904907227, -0.4493430256843567, 0.23326314985752106, -0.7202445864677429, -0.8600566983222961, 1.2763046026229858, 0.9984004497528076, 0.6695147156715393, 0.4613941013813019]","[1.046479344367981, -0.18762288987636566, 0.6916099786758423, 0.7788305282592773, -0.44671741127967834, 0.23862026631832123, -0.7236512303352356, -0.8606203198432922, 1.28250253200531, 0.9868055582046509, 0.6662667393684387, 0.46195924282073975]",8.133333206176758,68203,200,244,0,./sample_episode_images/episode_200/top/frame_008474.jpg,./sample_episode_images/episode_200/right/frame_000245.jpg,./sample_episode_images/episode_200/left/frame_008474.jpg
fold the garment on the table,"[1.055272102355957, -0.10214484483003616, 0.7030128240585327, 0.7380630373954773, -0.44864290952682495, 0.2347055822610855, -0.7213741540908813, -0.8593477010726929, 1.2800904512405396, 0.9956279397010803, 0.6686186194419861, 0.4615350663661957]","[1.0335509777069092, -0.22252948582172394, 0.6930851340293884, 0.7802648544311523, -0.4481654465198517, 0.29062554240226746, -0.7236512303352356, -0.8606203198432922, 1.2839962244033813, 0.9896741509437561, 0.6662667393684387, 0.46195924282073975]",8.166666984558105,68204,200,245,0,./sample_episode_images/episode_200/top/frame_008475.jpg,./sample_episode_images/episode_200/right/frame_000246.jpg,./sample_episode_images/episode_200/left/frame_008475.jpg
fold the garment on the table,"[1.0518594980239868, -0.13040834665298462, 0.7060678005218506, 0.7514635920524597, -0.4485555589199066, 0.25026512145996094, -0.7221230864524841, -0.8592045307159424, 1.2821545600891113, 0.9941408634185791, 0.6679661870002747, 0.46164679527282715]","[0.9990752935409546, -0.25016385316848755, 0.7019360065460205, 0.8075167536735535, -0.4583016633987427, 0.33540788292884827, -0.7236512303352356, -0.8606203198432922, 1.2869837284088135, 0.9911084771156311, 0.6662667393684387, 0.46195924282073975]",8.199999809265137,68205,200,246,0,./sample_episode_images/episode_200/top/frame_008476.jpg,./sample_episode_images/episode_200/right/frame_000247.jpg,./sample_episode_images/episode_200/left/frame_008476.jpg
fold the garment on the table,"[1.0432709455490112, -0.16169564425945282, 0.7064315676689148, 0.7673378586769104, -0.451352059841156, 0.27407369017601013, -0.7226174473762512, -0.8594850897789001, 1.2836556434631348, 0.9932957887649536, 0.667492151260376, 0.46173417568206787]","[0.9703456163406372, -0.27488934993743896, 0.7078366279602051, 0.8319000005722046, -0.48436620831489563, 0.33974167704582214, -0.7236512303352356, -0.8606203198432922, 1.2869837284088135, 0.9911084771156311, 0.6648183465003967, 0.46195924282073975]",8.233333587646484,68206,200,247,0,./sample_episode_images/episode_200/top/frame_008477.jpg,./sample_episode_images/episode_200/right/frame_000248.jpg,./sample_episode_images/episode_200/left/frame_008477.jpg
fold the garment on the table,"[1.028268814086914, -0.1938115656375885, 0.705818772315979, 0.7850223183631897, -0.4606296420097351, 0.2924756705760956, -0.7229563593864441, -0.8597276210784912, 1.2848373651504517, 0.9927380084991455, 0.6667481064796448, 0.4617956578731537]","[0.9430524110794067, -0.2981604039669037, 0.7078366279602051, 0.8749293088912964, -0.4945024251937866, 0.3411862552165985, -0.7236512303352356, -0.8606203198432922, 1.2869837284088135, 0.9911084771156311, 0.6488859057426453, 0.46195924282073975]",8.266666412353516,68207,200,248,0,./sample_episode_images/episode_200/top/frame_008478.jpg,./sample_episode_images/episode_200/right/frame_000249.jpg,./sample_episode_images/episode_200/left/frame_008478.jpg
fold the garment on the table,"[1.0081373453140259, -0.22473369538784027, 0.7036569714546204, 0.8092133402824402, -0.47014522552490234, 0.30615484714508057, -0.7232257127761841, -0.8598896265029907, 1.2856950759887695, 0.9923496842384338, 0.6617743372917175, 0.4618397653102875]","[0.920068621635437, -0.3287036716938019, 0.7093117237091064, 0.912221372127533, -0.5002945065498352, 0.34407544136047363, -0.7236512303352356, -0.8606203198432922, 1.2869837284088135, 0.9911084771156311, 0.6445406675338745, 0.46195924282073975]",8.300000190734863,68208,200,249,0,./sample_episode_images/episode_200/top/frame_008479.jpg,./sample_episode_images/episode_200/right/frame_000250.jpg,./sample_episode_images/episode_200/left/frame_008479.jpg
fold the garment on the table,"[0.9849153161048889, -0.25530076026916504, 0.7022508382797241, 0.837058424949646, -0.4785938560962677, 0.31680232286453247, -0.7233689427375793, -0.8600183129310608, 1.2862639427185059, 0.9920508861541748, 0.6569553017616272, 0.46187153458595276]","[0.888465940952301, -0.3519747257232666, 0.7166874408721924, 0.9466448426246643, -0.5466315150260925, 0.3455200493335724, -0.7236512303352356, -0.8606203198432922, 1.2869837284088135, 0.9911084771156311, 0.6416438817977905, 0.46195924282073975]",8.333333015441895,68209,200,250,0,./sample_episode_images/episode_200/top/frame_008480.jpg,./sample_episode_images/episode_200/right/frame_000251.jpg,./sample_episode_images/episode_200/left/frame_008480.jpg
fold the garment on the table,"[0.9592961668968201, -0.28505536913871765, 0.7024035453796387, 0.8666507005691528, -0.49759024381637573, 0.3248811662197113, -0.7234570384025574, -0.8601322174072266, 1.2866135835647583, 0.9918206930160522, 0.6526716351509094, 0.46189484000205994]","[0.8539903163909912, -0.36506471037864685, 0.747665524482727, 0.9509477615356445, -0.5799362063407898, 0.3455200493335724, -0.7222405672073364, -0.8606203198432922, 1.2869837284088135, 0.9882398247718811, 0.6416438817977905, 0.46195924282073975]",8.366666793823242,68210,200,251,0,./sample_episode_images/episode_200/top/frame_008481.jpg,./sample_episode_images/episode_200/right/frame_000252.jpg,./sample_episode_images/episode_200/left/frame_008481.jpg
fold the garment on the table,"[0.9311893582344055, -0.31319671869277954, 0.708368718624115, 0.8889170289039612, -0.5206136703491211, 0.3307115137577057, -0.7232334017753601, -0.8602051734924316, 1.2869278192520142, 0.9909069538116455, 0.6495876312255859, 0.4619106352329254]","[0.8396254777908325, -0.3577924966812134, 0.794870138168335, 0.9323017597198486, -0.6002086400985718, 0.3455200493335724, -0.7151874303817749, -0.8606203198432922, 1.2869837284088135, 0.9853712320327759, 0.6401954889297485, 0.46195924282073975]",8.399999618530273,68211,200,252,0,./sample_episode_images/episode_200/top/frame_008482.jpg,./sample_episode_images/episode_200/right/frame_000253.jpg,./sample_episode_images/episode_200/left/frame_008482.jpg
fold the garment on the table,"[0.9031429290771484, -0.3358697295188904, 0.7225033640861511, 0.8993629217147827, -0.5428264737129211, 0.3349190354347229, -0.721541166305542, -0.8602511882781982, 1.2871614694595337, 0.989442765712738, 0.6469780802726746, 0.4619261622428894]","[0.8410619497299194, -0.33161255717277527, 0.843549907207489, 0.8677577972412109, -0.5987606048583984, 0.34696462750434875, -0.68415367603302, -0.8606203198432922, 1.2869837284088135, 0.9681594967842102, 0.630056619644165, 0.46344292163848877]",8.433333396911621,68212,200,253,0,./sample_episode_images/episode_200/top/frame_008483.jpg,./sample_episode_images/episode_200/right/frame_000254.jpg,./sample_episode_images/episode_200/left/frame_008483.jpg
fold the garment on the table,"[0.8797726035118103, -0.3478127121925354, 0.746128499507904, 0.889527440071106, -0.5583992600440979, 0.3383210599422455, -0.7135228514671326, -0.8601395487785339, 1.287933588027954, 0.9839314222335815, 0.6423394680023193, 0.46235573291778564]","[0.8424984216690063, -0.2894337773323059, 0.859776496887207, 0.7816991806030273, -0.5973125696182251, 0.34696462750434875, -0.647477388381958, -0.8533207178115845, 1.2899712324142456, 0.9452105164527893, 0.627159833908081, 0.46344292163848877]",8.466666221618652,68213,200,254,0,./sample_episode_images/episode_200/top/frame_008484.jpg,./sample_episode_images/episode_200/right/frame_000255.jpg,./sample_episode_images/episode_200/left/frame_008484.jpg
fold the garment on the table,"[0.863309383392334, -0.3428514003753662, 0.7728687524795532, 0.8598495125770569, -0.5692199468612671, 0.3407255709171295, -0.6973920464515686, -0.8584958910942078, 1.2889151573181152, 0.9734464883804321, 0.6381716728210449, 0.4626711308956146]","[0.843934953212738, -0.21962060034275055, 0.8583014011383057, 0.7099836468696594, -0.5958645343780518, 0.34696462750434875, -0.6347817778587341, -0.8139030337333679, 1.2839962244033813, 0.9279987812042236, 0.627159833908081, 0.4649265706539154]",8.5,68214,200,255,0,./sample_episode_images/episode_200/top/frame_008485.jpg,./sample_episode_images/episode_200/right/frame_000256.jpg,./sample_episode_images/episode_200/left/frame_008485.jpg
fold the garment on the table,"[0.8532136678695679, -0.31760409474372864, 0.7945160865783691, 0.8186551332473755, -0.5766246914863586, 0.3424574136734009, -0.6795614957809448, -0.8481230735778809, 1.287140130996704, 0.9607263803482056, 0.6350746154785156, 0.4633137881755829]","[0.8597362637519836, -0.13235414028167725, 0.8479753732681274, 0.6655200123786926, -0.5944164991378784, 0.34696462750434875, -0.6347817778587341, -0.7336076498031616, 1.2765275239944458, 0.8921410441398621, 0.6228145956993103, 0.4649265706539154]",8.533333778381348,68215,200,256,0,./sample_episode_images/episode_200/top/frame_008486.jpg,./sample_episode_images/episode_200/right/frame_000257.jpg,./sample_episode_images/episode_200/left/frame_008486.jpg
fold the garment on the table,"[0.8496190905570984, -0.27307313680648804, 0.8072099685668945, 0.7758650779724121, -0.5815259218215942, 0.3437199890613556, -0.6655604243278503, -0.8205124735832214, 1.282052993774414, 0.9413365125656128, 0.6315950155258179, 0.46378737688064575]","[0.866918683052063, -0.06981316953897476, 0.7889695763587952, 0.6741258502006531, -0.5944164991378784, 0.34696462750434875, -0.6347817778587341, -0.650392472743988, 1.2317149639129639, 0.8849694728851318, 0.6213662028312683, 0.46641024947166443]",8.566666603088379,68216,200,257,0,./sample_episode_images/episode_200/top/frame_008487.jpg,./sample_episode_images/episode_200/right/frame_000258.jpg,./sample_episode_images/episode_200/left/frame_008487.jpg
fold the garment on the table,"[0.8512139916419983, -0.21547062695026398, 0.8057027459144592, 0.7479588389396667, -0.5850913524627686, 0.3446066975593567, -0.6557864546775818, -0.7753409743309021, 1.26914644241333, 0.9257540106773376, 0.6286942362785339, 0.46452510356903076]","[0.8697916269302368, -0.033452145755290985, 0.738814651966095, 0.698509156703949, -0.5944164991378784, 0.34696462750434875, -0.6376030445098877, -0.565717339515686, 1.191383719444275, 0.8562833070755005, 0.6257113814353943, 0.46641024947166443]",8.600000381469727,68217,200,258,0,./sample_episode_images/episode_200/top/frame_008488.jpg,./sample_episode_images/episode_200/right/frame_000259.jpg,./sample_episode_images/episode_200/left/frame_008488.jpg
fold the garment on the table,"[0.8552562594413757, -0.15785327553749084, 0.7928174734115601, 0.7345239520072937, -0.5878384709358215, 0.3452204763889313, -0.6545160412788391, -0.7231895327568054, 1.2400472164154053, 0.9247192740440369, 0.6198241710662842, 0.464993417263031]","[0.898521363735199, -0.004363323096185923, 0.7019360065460205, 0.697074830532074, -0.5784881711006165, 0.34696462750434875, -0.6376030445098877, -0.4766624867916107, 1.1376087665557861, 0.846243143081665, 0.6257113814353943, 0.46641024947166443]",8.633333206176758,68218,200,259,0,./sample_episode_images/episode_200/top/frame_008489.jpg,./sample_episode_images/episode_200/right/frame_000260.jpg,./sample_episode_images/episode_200/left/frame_008489.jpg
fold the garment on the table,"[0.8591859936714172, -0.1274154633283615, 0.7615692019462585, 0.7384015917778015, -0.5852274298667908, 0.34590205550193787, -0.6546162962913513, -0.662337064743042, 1.203005313873291, 0.9290841817855835, 0.6124818921089172, 0.46539026498794556]","[0.973218560218811, 0.030543262138962746, 0.6296539306640625, 0.695640504360199, -0.5060866475105286, 0.34696462750434875, -0.6756899356842041, -0.3321308195590973, 1.0390212535858154, 0.8290314078330994, 0.6257113814353943, 0.46641024947166443]",8.666666984558105,68219,200,260,0,./sample_episode_images/episode_200/top/frame_008490.jpg,./sample_episode_images/episode_200/right/frame_000261.jpg,./sample_episode_images/episode_200/left/frame_008490.jpg
fold the garment on the table,"[0.8699215054512024, -0.0977696031332016, 0.7261329293251038, 0.7389639019966125, -0.5658847689628601, 0.3460472524166107, -0.6546698212623596, -0.5820050239562988, 1.1514731645584106, 0.9393857717514038, 0.6115648746490479, 0.46567127108573914]","[0.9990752935409546, 0.05526876077055931, 0.592775285243988, 0.695640504360199, -0.475678026676178, 0.34696462750434875, -0.702491819858551, -0.2620548605918884, 0.9792712330818176, 0.8275970816612244, 0.6257113814353943, 0.46641024947166443]",8.699999809265137,68220,200,261,0,./sample_episode_images/episode_200/top/frame_008491.jpg,./sample_episode_images/episode_200/right/frame_000262.jpg,./sample_episode_images/episode_200/left/frame_008491.jpg
fold the garment on the table,"[0.8922988772392273, -0.062186501920223236, 0.6862255334854126, 0.7320219278335571, -0.5416646599769592, 0.3462575078010559, -0.6553819179534912, -0.5025579333305359, 1.0959525108337402, 0.9576253890991211, 0.6122798919677734, 0.46587973833084106]","[1.0191861391067505, 0.0872664600610733, 0.5544215440750122, 0.695640504360199, -0.4525095224380493, 0.34696462750434875, -0.7165980935096741, -0.19635866582393646, 0.922508716583252, 0.8275970816612244, 0.6228145956993103, 0.46641024947166443]",8.733333587646484,68221,200,262,0,./sample_episode_images/episode_200/top/frame_008492.jpg,./sample_episode_images/episode_200/right/frame_000263.jpg,./sample_episode_images/episode_200/left/frame_008492.jpg
fold the garment on the table,"[0.9199696779251099, -0.02674921415746212, 0.6456784009933472, 0.7253185510635376, -0.5178288221359253, 0.34644797444343567, -0.6558129787445068, -0.42893341183662415, 1.0425738096237183, 0.977476179599762, 0.6125451922416687, 0.46603280305862427]","[1.026368498802185, 0.10908307880163193, 0.527868926525116, 0.695640504360199, -0.4481654465198517, 0.34696462750434875, -0.7264724373817444, -0.14818145334720612, 0.8791899681091309, 0.8304657340049744, 0.6213662028312683, 0.46641024947166443]",8.766666412353516,68222,200,263,0,./sample_episode_images/episode_200/top/frame_008493.jpg,./sample_episode_images/episode_200/right/frame_000264.jpg,./sample_episode_images/episode_200/left/frame_008493.jpg
fold the garment on the table,"[0.9473853707313538, 0.005953463260084391, 0.6075632572174072, 0.7188964486122131, -0.49944278597831726, 0.3466218113899231, -0.6558198928833008, -0.3641979992389679, 0.9936055541038513, 0.9981565475463867, 0.6119918823242188, 0.46614351868629456]","[1.0392968654632568, 0.12362749129533768, 0.5072169303894043, 0.697074830532074, -0.4481654465198517, 0.34407544136047363, -0.7278831005096436, -0.11460338532924652, 0.8463274240493774, 0.8304657340049744, 0.6184693574905396, 0.46344292163848877]",8.800000190734863,68223,200,264,0,./sample_episode_images/episode_200/top/frame_008494.jpg,./sample_episode_images/episode_200/right/frame_000265.jpg,./sample_episode_images/episode_200/left/frame_008494.jpg
fold the garment on the table,"[0.9722665548324585, 0.0343901664018631, 0.5739192962646484, 0.7137086391448975, -0.48611047863960266, 0.3459523320198059, -0.6557984352111816, -0.3098588287830353, 0.9512291550636292, 1.017364263534546, 0.6094284057617188, 0.4654815196990967]","[1.0507887601852417, 0.12944525480270386, 0.5027914643287659, 0.697074830532074, -0.451061487197876, 0.336852490901947, -0.7278831005096436, -0.08978481590747833, 0.8269087076187134, 0.8333343267440796, 0.6184693574905396, 0.42635130882263184]",8.833333015441895,68224,200,265,0,./sample_episode_images/episode_200/top/frame_008495.jpg,./sample_episode_images/episode_200/right/frame_000266.jpg,./sample_episode_images/episode_200/left/frame_008495.jpg
fold the garment on the table,"[0.994163453578949, 0.0566105991601944, 0.5473714470863342, 0.7093083262443542, -0.47741183638572693, 0.3434635400772095, -0.6678611636161804, -0.2794762849807739, 0.9152567386627197, 1.0046740770339966, 0.6413137316703796, 0.3902861177921295]","[1.0608441829681396, 0.12944525480270386, 0.5027914643287659, 0.698509156703949, -0.455405592918396, 0.19383792579174042, -0.7264724373817444, -0.08686498552560806, 0.8224274516105652, 0.8476774096488953, 0.6155725717544556, 0.10884703695774078]",8.866666793823242,68225,200,266,0,./sample_episode_images/episode_200/top/frame_008496.jpg,./sample_episode_images/episode_200/right/frame_000267.jpg,./sample_episode_images/episode_200/left/frame_008496.jpg
fold the garment on the table,"[1.0132272243499756, 0.07262624055147171, 0.5281825661659241, 0.7059260606765747, -0.4724079966545105, 0.30173543095588684, -0.6929852962493896, -0.2461119294166565, 0.8830351233482361, 0.9818811416625977, 0.6533620357513428, 0.3371847867965698]","[1.0579712390899658, 0.12944525480270386, 0.504266619682312, 0.697074830532074, -0.449613481760025, -0.1745329201221466, -0.7180086970329285, -0.08686498552560806, 0.8224274516105652, 0.84480881690979, 0.5779139995574951, -0.16117994487285614]",8.899999618530273,68226,200,267,0,./sample_episode_images/episode_200/top/frame_008497.jpg,./sample_episode_images/episode_200/right/frame_000268.jpg,./sample_episode_images/episode_200/left/frame_008497.jpg
fold the garment on the table,"[1.028512954711914, 0.08351534605026245, 0.5151848793029785, 0.7029172778129578, -0.46738582849502563, 0.19062389433383942, -0.7178554534912109, -0.22859875857830048, 0.853476881980896, 0.9674203395843506, 0.6675881147384644, 0.24586567282676697]","[1.0594077110290527, 0.12944525480270386, 0.5057417750358582, 0.7028120756149292, -0.4525095224380493, -0.11530467122793198, -0.7236512303352356, -0.08686498552560806, 0.8269087076187134, 0.8491117358207703, 0.5605331063270569, -0.092931367456913]",8.933333396911621,68227,200,268,0,./sample_episode_images/episode_200/top/frame_008498.jpg,./sample_episode_images/episode_200/right/frame_000269.jpg,./sample_episode_images/episode_200/left/frame_008498.jpg
fold the garment on the table,"[1.0387728214263916, 0.09023313224315643, 0.506686806678772, 0.7031921148300171, -0.465166836977005, 0.10506055504083633, -0.7331010699272156, -0.20771290361881256, 0.835553765296936, 0.9406235814094543, 0.6493284702301025, 0.18669453263282776]","[1.0608441829681396, 0.13089969754219055, 0.5013163089752197, 0.7028120756149292, -0.4525095224380493, -0.1485302746295929, -0.7194193601608276, -0.08686498552560806, 0.8254149556159973, 0.8476774096488953, 0.5576363205909729, -0.14782695472240448]",8.966666221618652,68228,200,269,0,./sample_episode_images/episode_200/top/frame_008499.jpg,./sample_episode_images/episode_200/right/frame_000270.jpg,./sample_episode_images/episode_200/left/frame_008499.jpg
fold the garment on the table,"[1.0450509786605835, 0.0949859768152237, 0.5005635619163513, 0.7037721872329712, -0.4636102020740509, 0.0341515876352787, -0.745686411857605, -0.1919122189283371, 0.8180959224700928, 0.9192727208137512, 0.6360636949539185, 0.1295982003211975]","[1.0608441829681396, 0.13089969754219055, 0.5013163089752197, 0.7042464017868042, -0.451061487197876, -0.13986273109912872, -0.7180086970329285, -0.08686498552560806, 0.8239212036132812, 0.846243143081665, 0.5576363205909729, -0.15079428255558014]",9.0,68229,200,270,0,./sample_episode_images/episode_200/top/frame_008500.jpg,./sample_episode_images/episode_200/right/frame_000271.jpg,./sample_episode_images/episode_200/left/frame_008500.jpg
fold the garment on the table,"[1.048376441001892, 0.09824133664369583, 0.49617522954940796, 0.704963207244873, -0.4620716869831085, -0.014517687261104584, -0.7492091655731201, -0.1792496144771576, 0.8053714036941528, 0.9110872745513916, 0.6148512959480286, 0.08215803653001785]","[1.0608441829681396, 0.12944525480270386, 0.5013163089752197, 0.7042464017868042, -0.449613481760025, -0.13986273109912872, -0.7194193601608276, -0.08686498552560806, 0.8224274516105652, 0.846243143081665, 0.5561879277229309, -0.14782695472240448]",9.033333778381348,68230,200,271,0,./sample_episode_images/episode_200/top/frame_008501.jpg,./sample_episode_images/episode_200/right/frame_000272.jpg,./sample_episode_images/episode_200/left/frame_008501.jpg
fold the garment on the table,"[1.0497196912765503, 0.10016889125108719, 0.4934656322002411, 0.7061535120010376, -0.4604583978652954, -0.049573108553886414, -0.7497129440307617, -0.17434009909629822, 0.7996912598609924, 0.9084522128105164, 0.6085355281829834, 0.05060144513845444]","[1.0550981760025024, 0.12799081206321716, 0.5013163089752197, 0.7056807279586792, -0.44382134079933167, -0.13986273109912872, -0.7194193601608276, -0.08686498552560806, 0.8119711875915527, 0.8548489809036255, 0.5561879277229309, -0.14782695472240448]",9.066666603088379,68231,200,272,0,./sample_episode_images/episode_200/top/frame_008502.jpg,./sample_episode_images/episode_200/right/frame_000273.jpg,./sample_episode_images/episode_200/left/frame_008502.jpg
fold the garment on the table,"[1.0494755506515503, 0.10118541866540909, 0.49185386300086975, 0.7075251340866089, -0.45712849497795105, -0.07482791692018509, -0.7479828000068665, -0.16846255958080292, 0.7938159108161926, 0.9114575386047363, 0.5882810950279236, -0.004793662112206221]","[1.0507887601852417, 0.12508192658424377, 0.4821394383907318, 0.7071149945259094, -0.4177567958831787, -0.13986273109912872, -0.7180086970329285, -0.08686498552560806, 0.776121199131012, 0.8950096964836121, 0.5561879277229309, -0.14782695472240448]",9.100000381469727,68232,200,273,0,./sample_episode_images/episode_200/top/frame_008503.jpg,./sample_episode_images/episode_200/right/frame_000274.jpg,./sample_episode_images/episode_200/left/frame_008503.jpg
fold the garment on the table,"[1.048816204071045, 0.10327886044979095, 0.4885226786136627, 0.7101793885231018, -0.446612685918808, -0.09302324801683426, -0.7465246915817261, -0.15913304686546326, 0.7838567495346069, 0.9180113673210144, 0.5731160640716553, -0.04481691122055054]","[1.0220590829849243, 0.10762863606214523, 0.43640995025634766, 0.7515786290168762, -0.4177567958831787, -0.13986273109912872, -0.7180086970329285, -0.08686498552560806, 0.7074086666107178, 0.9566850066184998, 0.5561879277229309, -0.14634329080581665]",9.133333206176758,68233,200,274,0,./sample_episode_images/episode_200/top/frame_008504.jpg,./sample_episode_images/episode_200/right/frame_000275.jpg,./sample_episode_images/episode_200/left/frame_008504.jpg
fold the garment on the table,"[1.0459402799606323, 0.1075693815946579, 0.4782344102859497, 0.7227157354354858, -0.4385717511177063, -0.10613465309143066, -0.7421667575836182, -0.1411854475736618, 0.7649853825569153, 0.9301331043243408, 0.5680851936340332, -0.07323911786079407]","[0.9976388216018677, 0.07853981852531433, 0.37002843618392944, 0.8132539987564087, -0.41920483112335205, -0.13986273109912872, -0.7165980935096741, -0.08686498552560806, 0.6357086896896362, 1.0154917240142822, 0.5561879277229309, -0.14634329080581665]",9.166666984558105,68234,200,275,0,./sample_episode_images/episode_200/top/frame_008505.jpg,./sample_episode_images/episode_200/right/frame_000276.jpg,./sample_episode_images/episode_200/left/frame_008505.jpg
fold the garment on the table,"[1.0386883020401, 0.11038213223218918, 0.4577196538448334, 0.7498307228088379, -0.4332037568092346, -0.11559348553419113, -0.7358487844467163, -0.12067142874002457, 0.7353770136833191, 0.9550793766975403, 0.5647652745246887, -0.0937100276350975]","[0.9545442461967468, 0.047996554523706436, 0.2962712049484253, 0.8691920638084412, -0.41920483112335205, -0.13986273109912872, -0.7165980935096741, -0.08686498552560806, 0.5625149011611938, 1.0699955224990845, 0.5561879277229309, -0.14634329080581665]",9.199999809265137,68235,200,276,0,./sample_episode_images/episode_200/top/frame_008506.jpg,./sample_episode_images/episode_200/right/frame_000277.jpg,./sample_episode_images/episode_200/left/frame_008506.jpg
fold the garment on the table,"[1.025023341178894, 0.10795802623033524, 0.4264378547668457, 0.7861156463623047, -0.42937302589416504, -0.12243493646383286, -0.7298188805580139, -0.10328438878059387, 0.6961339116096497, 0.9889487624168396, 0.562368631362915, -0.10848518460988998]","[0.9085767269134521, 0.030543262138962746, 0.22251395881175995, 0.916524350643158, -0.4206528663635254, -0.13986273109912872, -0.7010812163352966, -0.08686498552560806, 0.4833461344242096, 1.1230649948120117, 0.5561879277229309, -0.14634329080581665]",9.233333587646484,68236,200,277,0,./sample_episode_images/episode_200/top/frame_008507.jpg,./sample_episode_images/episode_200/right/frame_000278.jpg,./sample_episode_images/episode_200/left/frame_008507.jpg
fold the garment on the table,"[1.0035030841827393, 0.10084156692028046, 0.38329797983169556, 0.8256601095199585, -0.42702558636665344, -0.12736935913562775, -0.7232970595359802, -0.08993878960609436, 0.6466613411903381, 1.028446078300476, 0.5606663227081299, -0.11912631243467331]","[0.8654822111129761, 0.02617993950843811, 0.17530931532382965, 0.9351703524589539, -0.4278930127620697, -0.13986273109912872, -0.6644049286842346, -0.08686498552560806, 0.40865862369537354, 1.157488465309143, 0.5561879277229309, -0.14634329080581665]",9.266666412353516,68237,200,278,0,./sample_episode_images/episode_200/top/frame_008508.jpg,./sample_episode_images/episode_200/right/frame_000279.jpg,./sample_episode_images/episode_200/left/frame_008508.jpg
fold the garment on the table,"[0.9747409820556641, 0.08974587917327881, 0.3333236575126648, 0.8580886721611023, -0.42733484506607056, -0.1308964341878891, -0.7125177979469299, -0.08094540983438492, 0.5890530347824097, 1.0664191246032715, 0.5594773292541504, -0.12677457928657532]","[0.8238241076469421, 0.02617993950843811, 0.13548040390014648, 0.9366046786308289, -0.43658119440078735, -0.13986273109912872, -0.615032970905304, -0.08686498552560806, 0.3369586169719696, 1.180437445640564, 0.5561879277229309, -0.14634329080581665]",9.300000190734863,68238,200,279,0,./sample_episode_images/episode_200/top/frame_008509.jpg,./sample_episode_images/episode_200/right/frame_000280.jpg,./sample_episode_images/episode_200/left/frame_008509.jpg
fold the garment on the table,"[0.9403926730155945, 0.0768071711063385, 0.2807345688343048, 0.8805137872695923, -0.4299631118774414, -0.1334022730588913, -0.6940708756446838, -0.07560808211565018, 0.5253254175186157, 1.09961998462677, 0.5586407780647278, -0.13225474953651428]","[0.7792931199073792, 0.027634380385279655, 0.08385033905506134, 0.9366046786308289, -0.43947726488113403, -0.13986273109912872, -0.5670717358589172, -0.08540506660938263, 0.2697398364543915, 1.1890432834625244, 0.5561879277229309, -0.14634329080581665]",9.333333015441895,68239,200,280,0,./sample_episode_images/episode_200/top/frame_008510.jpg,./sample_episode_images/episode_200/right/frame_000281.jpg,./sample_episode_images/episode_200/left/frame_008510.jpg
fold the garment on the table,"[0.9018878936767578, 0.06504394859075546, 0.22583332657814026, 0.8959823846817017, -0.43265828490257263, -0.13518516719341278, -0.6674290299415588, -0.07299070805311203, 0.457980751991272, 1.125293254852295, 0.5580282807350159, -0.136183500289917]","[0.7419444918632507, 0.042178791016340256, 0.039595991373062134, 0.9380390048027039, -0.44382134079933167, -0.13986273109912872, -0.5388591885566711, -0.07810549437999725, 0.21895234286785126, 1.1876089572906494, 0.5561879277229309, -0.14634329080581665]",9.366666793823242,68240,200,281,0,./sample_episode_images/episode_200/top/frame_008511.jpg,./sample_episode_images/episode_200/right/frame_000282.jpg,./sample_episode_images/episode_200/left/frame_008511.jpg
fold the garment on the table,"[0.8608837127685547, 0.05643259361386299, 0.16982930898666382, 0.9064894318580627, -0.4357861578464508, -0.1364428848028183, -0.6359107494354248, -0.07213999330997467, 0.3907119929790497, 1.1422293186187744, 0.5575373768806458, -0.13899700343608856]","[0.7074688673019409, 0.06835872679948807, -0.004658352117985487, 0.9366046786308289, -0.445269376039505, -0.13986273109912872, -0.5205210447311401, -0.07810549437999725, 0.1786210834980011, 1.184740424156189, 0.5561879277229309, -0.14634329080581665]",9.399999618530273,68241,200,282,0,./sample_episode_images/episode_200/top/frame_008512.jpg,./sample_episode_images/episode_200/right/frame_000283.jpg,./sample_episode_images/episode_200/left/frame_008512.jpg
fold the garment on the table,"[0.8191769123077393, 0.05312153697013855, 0.11406587064266205, 0.9131167531013489, -0.43842753767967224, -0.13733990490436554, -0.6038205027580261, -0.07318250089883804, 0.3276534974575043, 1.152551531791687, 0.5571407675743103, -0.14100684225559235]","[0.6672472953796387, 0.11053752154111862, -0.05481327697634697, 0.9323017597198486, -0.445269376039505, -0.13986273109912872, -0.5050041675567627, -0.07664557546377182, 0.13231483101844788, 1.184740424156189, 0.5561879277229309, -0.14782695472240448]",9.433333396911621,68242,200,283,0,./sample_episode_images/episode_200/top/frame_008513.jpg,./sample_episode_images/episode_200/right/frame_000284.jpg,./sample_episode_images/episode_200/left/frame_008513.jpg
fold the garment on the table,"[0.7775923609733582, 0.0581337995827198, 0.05796016752719879, 0.9166108965873718, -0.440328985452652, -0.13798661530017853, -0.5738266706466675, -0.0748131051659584, 0.2688935399055481, 1.159971833229065, 0.5568371415138245, -0.14287538826465607]","[0.6342081427574158, 0.16144295036792755, -0.1123439222574234, 0.9323017597198486, -0.445269376039505, -0.13986273109912872, -0.47961288690567017, -0.07518565654754639, 0.08750231564044952, 1.184740424156189, 0.5561879277229309, -0.14782695472240448]",9.466666221618652,68243,200,284,0,./sample_episode_images/episode_200/top/frame_008514.jpg,./sample_episode_images/episode_200/right/frame_000285.jpg,./sample_episode_images/episode_200/left/frame_008514.jpg
fold the garment on the table,"[0.7368651628494263, 0.07356861233711243, 0.00034886287176050246, 0.9190050959587097, -0.4416882395744324, -0.13845355808734894, -0.5460700392723083, -0.07623045891523361, 0.21406202018260956, 1.165423035621643, 0.5566277503967285, -0.1442209631204605]","[0.6054784059524536, 0.21380282938480377, -0.16839942336082458, 0.9366046786308289, -0.445269376039505, -0.13986273109912872, -0.4570428729057312, -0.0547468401491642, 0.04418355971574783, 1.183306097984314, 0.5561879277229309, -0.14782695472240448]",9.5,68244,200,285,0,./sample_episode_images/episode_200/top/frame_008515.jpg,./sample_episode_images/episode_200/right/frame_000286.jpg,./sample_episode_images/episode_200/left/frame_008515.jpg
fold the garment on the table,"[0.6980534195899963, 0.09870395809412003, -0.05767715349793434, 0.9216309785842896, -0.44265732169151306, -0.138785719871521, -0.5199174284934998, -0.07485339790582657, 0.1615472435951233, 1.1692441701889038, 0.5564815998077393, -0.1451989710330963]","[0.5796216726303101, 0.2705260217189789, -0.2318306565284729, 0.9380390048027039, -0.4423733055591583, -0.13986273109912872, -0.43306222558021545, 0.000729957886505872, -0.014072699472308159, 1.184740424156189, 0.5561879277229309, -0.14782695472240448]",9.533333778381348,68245,200,286,0,./sample_episode_images/episode_200/top/frame_008516.jpg,./sample_episode_images/episode_200/right/frame_000287.jpg,./sample_episode_images/episode_200/left/frame_008516.jpg
fold the garment on the table,"[0.6618935465812683, 0.132963627576828, -0.1162303164601326, 0.9243068099021912, -0.4425466060638428, -0.13904228806495667, -0.49500447511672974, -0.06418229639530182, 0.10631805658340454, 1.1730843782424927, 0.5563865900039673, -0.14592166244983673]","[0.5595108866691589, 0.3214314579963684, -0.28346073627471924, 0.9409075975418091, -0.43947726488113403, -0.13986273109912872, -0.41613471508026123, 0.06642616540193558, -0.06934145838022232, 1.1861746311187744, 0.5561879277229309, -0.14782695472240448]",9.566666603088379,68246,200,287,0,./sample_episode_images/episode_200/top/frame_008517.jpg,./sample_episode_images/episode_200/right/frame_000288.jpg,./sample_episode_images/episode_200/left/frame_008517.jpg
fold the garment on the table,"[0.6290229558944702, 0.17350555956363678, -0.1728951781988144, 0.926708459854126, -0.4416486918926239, -0.1392202377319336, -0.4715985953807831, -0.04167463630437851, 0.048567380756139755, 1.175921082496643, 0.5563110709190369, -0.146438866853714]","[0.5408365726470947, 0.37233689427375793, -0.3321405053138733, 0.9409075975418091, -0.4380292296409607, -0.13986273109912872, -0.39356470108032227, 0.13212236762046814, -0.1261039674282074, 1.1876089572906494, 0.5561879277229309, -0.14782695472240448]",9.600000381469727,68247,200,288,0,./sample_episode_images/episode_200/top/frame_008518.jpg,./sample_episode_images/episode_200/right/frame_000289.jpg,./sample_episode_images/episode_200/left/frame_008518.jpg
fold the garment on the table,"[0.599688708782196, 0.21824362874031067, -0.22632591426372528, 0.9286467432975769, -0.4405958950519562, -0.13935674726963043, -0.4495725631713867, -0.007961771450936794, -0.009860372170805931, 1.178105354309082, 0.556262195110321, -0.14680176973342896]","[0.526471734046936, 0.42615121603012085, -0.39114630222320557, 0.9409075975418091, -0.4380292296409607, -0.13986273109912872, -0.36817342042922974, 0.202198326587677, -0.18734772503376007, 1.1876089572906494, 0.5561879277229309, -0.14782695472240448]",9.633333206176758,68248,200,289,0,./sample_episode_images/episode_200/top/frame_008519.jpg,./sample_episode_images/episode_200/right/frame_000290.jpg,./sample_episode_images/episode_200/left/frame_008519.jpg
fold the garment on the table,"[0.5739313364028931, 0.2674475610256195, -0.2790776193141937, 0.9306861758232117, -0.439838707447052, -0.13947629928588867, -0.4280819892883301, 0.03607863560318947, -0.06874877214431763, 1.1797645092010498, 0.5562366843223572, -0.14706218242645264]","[0.5149798393249512, 0.47851109504699707, -0.4545775353908539, 0.9409075975418091, -0.43658119440078735, -0.14130732417106628, -0.34983527660369873, 0.26351478695869446, -0.2456039935350418, 1.1876089572906494, 0.5561879277229309, -0.14782695472240448]",9.666666984558105,68249,200,290,0,./sample_episode_images/episode_200/top/frame_008520.jpg,./sample_episode_images/episode_200/right/frame_000291.jpg,./sample_episode_images/episode_200/left/frame_008520.jpg
fold the garment on the table,"[0.5517768263816833, 0.3204716742038727, -0.33273008465766907, 0.9325700998306274, -0.4388922154903412, -0.13997839391231537, -0.40699756145477295, 0.08767782151699066, -0.1266806572675705, 1.1806999444961548, 0.5562132000923157, -0.14724475145339966]","[0.5020514726638794, 0.5323254466056824, -0.523909330368042, 0.9409075975418091, -0.43658119440078735, -0.14275191724300385, -0.33855026960372925, 0.3248312473297119, -0.3068477511405945, 1.1876089572906494, 0.5561879277229309, -0.14782695472240448]",9.699999809265137,68250,200,291,0,./sample_episode_images/episode_200/top/frame_008521.jpg,./sample_episode_images/episode_200/right/frame_000292.jpg,./sample_episode_images/episode_200/left/frame_008521.jpg
fold the garment on the table,"[0.5328876972198486, 0.3765324056148529, -0.3887151777744293, 0.9343600273132324, -0.43821582198143005, -0.14075443148612976, -0.3870570659637451, 0.14468981325626373, -0.18387368321418762, 1.1815258264541626, 0.5561882853507996, -0.14738650619983673]","[0.4919961094856262, 0.5977752804756165, -0.6079925894737244, 0.9423419237136841, -0.43658119440078735, -0.14275191724300385, -0.3314971327781677, 0.39782702922821045, -0.38452276587486267, 1.1890432834625244, 0.5561879277229309, -0.14782695472240448]",9.733333587646484,68251,200,292,0,./sample_episode_images/episode_200/top/frame_008522.jpg,./sample_episode_images/episode_200/right/frame_000293.jpg,./sample_episode_images/episode_200/left/frame_008522.jpg
fold the garment on the table,"[0.5168071985244751, 0.43667906522750854, -0.4507666826248169, 0.9366199970245361, -0.4377349317073822, -0.14133065938949585, -0.36914628744125366, 0.20787350833415985, -0.24450817704200745, 1.183189868927002, 0.5561674237251282, -0.1475135236978531]","[0.4876866638660431, 0.6646795272827148, -0.6861752867698669, 0.9423419237136841, -0.435133159160614, -0.1369735449552536, -0.33008652925491333, 0.46206334233283997, -0.45771652460098267, 1.1890432834625244, 0.5373586416244507, -0.14782695472240448]",9.766666412353516,68252,200,293,0,./sample_episode_images/episode_200/top/frame_008523.jpg,./sample_episode_images/episode_200/right/frame_000294.jpg,./sample_episode_images/episode_200/left/frame_008523.jpg
fold the garment on the table,"[0.5034246444702148, 0.4995254576206207, -0.5175378918647766, 0.9380124807357788, -0.4369821846485138, -0.1401253491640091, -0.3540761470794678, 0.27472057938575745, -0.30758604407310486, 1.1841853857040405, 0.5508953928947449, -0.14760418236255646]","[0.49486908316612244, 0.731583833694458, -0.7614076733589172, 0.9437762498855591, -0.435133159160614, -0.09074661135673523, -0.3244440257549286, 0.521919846534729, -0.5353915691375732, 1.1890432834625244, 0.505493700504303, -0.14040863513946533]",9.800000190734863,68253,200,294,0,./sample_episode_images/episode_200/top/frame_008524.jpg,./sample_episode_images/episode_200/right/frame_000295.jpg,./sample_episode_images/episode_200/left/frame_008524.jpg
fold the garment on the table,"[0.49318423867225647, 0.5636469125747681, -0.5870907306671143, 0.9391946196556091, -0.4364274740219116, -0.12634266912937164, -0.34189242124557495, 0.34303292632102966, -0.3728374242782593, 1.185071587562561, 0.5381982326507568, -0.14559940993785858]","[0.49486908316612244, 0.7868525981903076, -0.8322145938873291, 0.9437762498855591, -0.435133159160614, 0.09560569375753403, -0.3159802556037903, 0.5788565874099731, -0.611572802066803, 1.1904776096343994, 0.49535486102104187, -0.0677090659737587]",9.833333015441895,68254,200,295,0,./sample_episode_images/episode_200/top/frame_008525.jpg,./sample_episode_images/episode_200/right/frame_000296.jpg,./sample_episode_images/episode_200/left/frame_008525.jpg
fold the garment on the table,"[0.4861418902873993, 0.626976490020752, -0.6563742160797119, 0.940106987953186, -0.43603119254112244, -0.06435190886259079, -0.3318425714969635, 0.4108979105949402, -0.43978410959243774, 1.1862082481384277, 0.5261934399604797, -0.1238471120595932]","[0.49486908316612244, 0.8275769352912903, -0.8956458568572998, 0.96385657787323, -0.43947726488113403, 0.30507147312164307, -0.29905274510383606, 0.6124346256256104, -0.6593728065490723, 1.1904776096343994, 0.4620415270328522, 0.11033070832490921]",9.866666793823242,68255,200,296,0,./sample_episode_images/episode_200/top/frame_008526.jpg,./sample_episode_images/episode_200/right/frame_000297.jpg,./sample_episode_images/episode_200/left/frame_008526.jpg
fold the garment on the table,"[0.48185616731643677, 0.6869713068008423, -0.7235022783279419, 0.945915162563324, -0.43695440888404846, 0.037979044020175934, -0.32269513607025146, 0.4727286398410797, -0.5011535882949829, 1.1864107847213745, 0.5082610249519348, -0.058395251631736755]","[0.5020514726638794, 0.8668468594551086, -0.9767788052558899, 1.0183603763580322, -0.445269376039505, 0.46108734607696533, -0.27930396795272827, 0.647472620010376, -0.7086665630340576, 1.1904776096343994, 0.40845048427581787, 0.30469077825546265]",9.899999618530273,68256,200,297,0,./sample_episode_images/episode_200/top/frame_008527.jpg,./sample_episode_images/episode_200/right/frame_000298.jpg,./sample_episode_images/episode_200/left/frame_008527.jpg
fold the garment on the table,"[0.48018404841423035, 0.7441856861114502, -0.7928860783576965, 0.9654037356376648, -0.4392322897911072, 0.14807818830013275, -0.3131866753101349, 0.5282418727874756, -0.5575870275497437, 1.1870511770248413, 0.48038896918296814, 0.04255855083465576]","[0.5077974200248718, 0.9090256690979004, -1.0623371601104736, 1.0728641748428345, -0.445269376039505, 0.4856454133987427, -0.2581445872783661, 0.6795907616615295, -0.7549728155136108, 1.1890432834625244, 0.3925180435180664, 0.4352532923221588]",9.933333396911621,68257,200,298,0,./sample_episode_images/episode_200/top/frame_008528.jpg,./sample_episode_images/episode_200/right/frame_000299.jpg,./sample_episode_images/episode_200/left/frame_008528.jpg
fold the garment on the table,"[0.48104700446128845, 0.7986944913864136, -0.8652647137641907, 0.9951468110084534, -0.440885454416275, 0.24249888956546783, -0.3023960590362549, 0.5780395269393921, -0.6103938221931458, 1.1872787475585938, 0.45582643151283264, 0.149159237742424]","[0.5063609480857849, 0.9526588916778564, -1.1390447616577148, 1.0972474813461304, -0.44671741127967834, 0.4697549045085907, -0.25109145045280457, 0.7058692574501038, -0.8072540760040283, 1.1919119358062744, 0.3925180435180664, 0.4352532923221588]",9.966666221618652,68258,200,299,0,./sample_episode_images/episode_200/top/frame_008529.jpg,./sample_episode_images/episode_200/right/frame_000300.jpg,./sample_episode_images/episode_200/left/frame_008529.jpg
fold the garment on the table,"[0.4838285446166992, 0.8500043749809265, -0.9379144310951233, 1.0241295099258423, -0.4424985945224762, 0.30604931712150574, -0.2905347943305969, 0.62296462059021, -0.6619434356689453, 1.188335657119751, 0.43811798095703125, 0.22920292615890503]","[0.5020514726638794, 0.9933832287788391, -1.229028582572937, 1.0972474813461304, -0.44671741127967834, 0.4697549045085907, -0.24968083202838898, 0.7175486087799072, -0.8580415844917297, 1.2191637754440308, 0.391069620847702, 0.4352532923221588]",10.0,68259,200,300,0,./sample_episode_images/episode_200/top/frame_008530.jpg,./sample_episode_images/episode_200/right/frame_000301.jpg,./sample_episode_images/episode_200/left/frame_008530.jpg
fold the garment on the table,"[0.4875257909297943, 0.9001143574714661, -1.01335608959198, 1.0459604263305664, -0.4436873197555542, 0.351779967546463, -0.27861323952674866, 0.6617791652679443, -0.7125111818313599, 1.196333408355713, 0.4249396026134491, 0.28685760498046875]","[0.4833771884441376, 1.0181087255477905, -1.3293384313583374, 1.1058533191680908, -0.44671741127967834, 0.4697549045085907, -0.24968083202838898, 0.7160886526107788, -0.9431853890419006, 1.2851420640945435, 0.391069620847702, 0.4352532923221588]",10.033333778381348,68260,200,301,0,./sample_episode_images/episode_200/top/frame_008531.jpg,./sample_episode_images/episode_200/right/frame_000302.jpg,./sample_episode_images/episode_200/left/frame_008531.jpg
fold the garment on the table,"[0.4906691610813141, 0.9484882950782776, -1.0935242176055908, 1.0641822814941406, -0.4445781707763672, 0.38472244143486023, -0.26757490634918213, 0.6957978010177612, -0.768980085849762, 1.22104811668396, 0.41543346643447876, 0.32835516333580017]","[0.4675758481025696, 1.0224720239639282, -1.4193222522735596, 1.1460139751434326, -0.44671741127967834, 0.4697549045085907, -0.24121707677841187, 0.7160886526107788, -1.0432666540145874, 1.3625948429107666, 0.391069620847702, 0.4352532923221588]",10.066666603088379,68261,200,302,0,./sample_episode_images/episode_200/top/frame_008532.jpg,./sample_episode_images/episode_200/right/frame_000303.jpg,./sample_episode_images/episode_200/left/frame_008532.jpg
fold the garment on the table,"[0.4918636381626129, 0.9903393983840942, -1.1749205589294434, 1.0880181789398193, -0.44523316621780396, 0.40847277641296387, -0.2576577663421631, 0.7248645424842834, -0.834504246711731, 1.2613377571105957, 0.4085961580276489, 0.35820478200912476]","[0.4402826428413391, 1.0021098852157593, -1.5211071968078613, 1.2292039394378662, -0.4481654465198517, 0.4697549045085907, -0.21723642945289612, 0.7160886526107788, -1.1762104034423828, 1.4529564380645752, 0.391069620847702, 0.4352532923221588]",10.100000381469727,68262,200,303,0,./sample_episode_images/episode_200/top/frame_008533.jpg,./sample_episode_images/episode_200/right/frame_000304.jpg,./sample_episode_images/episode_200/left/frame_008533.jpg
fold the garment on the table,"[0.4898555278778076, 1.0228183269500732, -1.258568286895752, 1.128584861755371, -0.44613727927207947, 0.42557966709136963, -0.24788780510425568, 0.7508856058120728, -0.9155442118644714, 1.3164465427398682, 0.40370672941207886, 0.3796708583831787]","[0.4101164638996124, 0.96429443359375, -1.5978147983551025, 1.3267370462417603, -0.449613481760025, 0.47119951248168945, -0.18761327862739563, 0.7160886526107788, -1.2972041368484497, 1.5504895448684692, 0.391069620847702, 0.4352532923221588]",10.133333206176758,68263,200,304,0,./sample_episode_images/episode_200/top/frame_008534.jpg,./sample_episode_images/episode_200/right/frame_000305.jpg,./sample_episode_images/episode_200/left/frame_008534.jpg
fold the garment on the table,"[0.4833712875843048, 1.0404239892959595, -1.338186502456665, 1.1853357553482056, -0.4472184479236603, 0.43829530477523804, -0.23666642606258392, 0.770923376083374, -1.0083872079849243, 1.3827985525131226, 0.4002092480659485, 0.3951519727706909]","[0.38282325863838196, 0.9162978529930115, -1.6346933841705322, 1.4486534595489502, -0.48436620831489563, 0.47119951248168945, -0.16363263130187988, 0.7160886526107788, -1.383841633796692, 1.6379824876785278, 0.391069620847702, 0.4352532923221588]",10.166666984558105,68264,200,305,0,./sample_episode_images/episode_200/top/frame_008535.jpg,./sample_episode_images/episode_200/right/frame_000306.jpg,./sample_episode_images/episode_200/left/frame_008535.jpg
fold the garment on the table,"[0.4716310203075409, 1.03860604763031, -1.4070416688919067, 1.2596449851989746, -0.4576738178730011, 0.44747766852378845, -0.22294123470783234, 0.7807467579841614, -1.1030100584030151, 1.4541105031967163, 0.3976919949054718, 0.40633663535118103]","[0.3684583902359009, 0.8668468594551086, -1.6376436948776245, 1.5834786891937256, -0.5335992574691772, 0.47119951248168945, -0.13965198397636414, 0.7146287560462952, -1.386829137802124, 1.6551941633224487, 0.391069620847702, 0.4352532923221588]",10.199999809265137,68265,200,306,0,./sample_episode_images/episode_200/top/frame_008536.jpg,./sample_episode_images/episode_200/right/frame_000307.jpg,./sample_episode_images/episode_200/left/frame_008536.jpg
fold the garment on the table,"[0.45493894815444946, 1.0165470838546753, -1.4610328674316406, 1.3500250577926636, -0.47893425822257996, 0.45411449670791626, -0.20631803572177887, 0.7740205526351929, -1.178475260734558, 1.5099964141845703, 0.3958819806575775, 0.41441425681114197]","[0.3598394989967346, 0.8188502788543701, -1.616991639137268, 1.6465883255004883, -0.5379433035850525, 0.4697549045085907, -0.12131384760141373, 0.6868903636932373, -1.3240916728973389, 1.6551941633224487, 0.38962122797966003, 0.4352532923221588]",10.233333587646484,68266,200,307,0,./sample_episode_images/episode_200/top/frame_008537.jpg,./sample_episode_images/episode_200/right/frame_000308.jpg,./sample_episode_images/episode_200/left/frame_008537.jpg
fold the garment on the table,"[0.4345800578594208, 0.9778268933296204, -1.497421383857727, 1.4336751699447632, -0.49551162123680115, 0.4584444463253021, -0.18701478838920593, 0.7490221261978149, -1.2219902276992798, 1.5489596128463745, 0.3941516876220703, 0.420301616191864]","[0.32967329025268555, 0.7650359869003296, -1.552085280418396, 1.6279423236846924, -0.5205669403076172, 0.4697549045085907, -0.12272447347640991, 0.6416329741477966, -1.1911479234695435, 1.6551941633224487, 0.35775628685951233, 0.4352532923221588]",10.266666412353516,68267,200,308,0,./sample_episode_images/episode_200/top/frame_008538.jpg,./sample_episode_images/episode_200/right/frame_000309.jpg,./sample_episode_images/episode_200/left/frame_008538.jpg
fold the garment on the table,"[0.41113799810409546, 0.9243459701538086, -1.5098412036895752, 1.4892070293426514, -0.5026254653930664, 0.4615533649921417, -0.16670387983322144, 0.7050318121910095, -1.2230409383773804, 1.5757312774658203, 0.38397184014320374, 0.42460915446281433]","[0.31387197971343994, 0.695222795009613, -1.4252228736877441, 1.6279423236846924, -0.5104307532310486, 0.4697549045085907, -0.12554572522640228, 0.5744768381118774, -1.0357978343963623, 1.6551941633224487, 0.327339768409729, 0.4337696135044098]",10.300000190734863,68268,200,309,0,./sample_episode_images/episode_200/top/frame_008539.jpg,./sample_episode_images/episode_200/right/frame_000310.jpg,./sample_episode_images/episode_200/left/frame_008539.jpg
fold the garment on the table,"[0.38525813817977905, 0.8547762632369995, -1.4899576902389526, 1.526748776435852, -0.5048308968544006, 0.4638960063457489, -0.14769995212554932, 0.64689040184021, -1.1835529804229736, 1.5948880910873413, 0.36808162927627563, 0.42731085419654846]","[0.30094361305236816, 0.4756022095680237, -0.9605522155761719, 1.6279423236846924, -0.5147748589515686, 0.46831032633781433, -0.11990322172641754, 0.4080464541912079, -0.6982102990150452, 1.6508911848068237, 0.3157525062561035, 0.4337696135044098]",10.333333015441895,68269,200,310,0,./sample_episode_images/episode_200/top/frame_008540.jpg,./sample_episode_images/episode_200/right/frame_000311.jpg,./sample_episode_images/episode_200/left/frame_008540.jpg
fold the garment on the table,"[0.3584010899066925, 0.7424376010894775, -1.3809608221054077, 1.550363540649414, -0.5075293779373169, 0.46533846855163574, -0.13131241500377655, 0.5606802701950073, -1.075739860534668, 1.605173945426941, 0.3533344864845276, 0.42935052514076233]","[0.3023800849914551, 0.3505202829837799, -0.7171533107757568, 1.6250736713409424, -0.5191189050674438, 0.45964276790618896, -0.11567134410142899, 0.3233713209629059, -0.5458477735519409, 1.6480226516723633, 0.3157525062561035, 0.4337696135044098]",10.366666793823242,68270,200,311,0,./sample_episode_images/episode_200/top/frame_008541.jpg,./sample_episode_images/episode_200/right/frame_000312.jpg,./sample_episode_images/episode_200/left/frame_008541.jpg
fold the garment on the table,"[0.33261650800704956, 0.6317158341407776, -1.2704428434371948, 1.5697951316833496, -0.5106830596923828, 0.46375173330307007, -0.11794476956129074, 0.479150652885437, -0.9652739763259888, 1.6158955097198486, 0.3427266776561737, 0.43063080310821533]","[0.29950711131095886, 0.2370738834142685, -0.5032573342323303, 1.6193363666534424, -0.5176709294319153, 0.37296727299690247, -0.10015445947647095, 0.24307596683502197, -0.4054352641105652, 1.6265079975128174, 0.3157525062561035, 0.40112900733947754]",10.399999618530273,68271,200,312,0,./sample_episode_images/episode_200/top/frame_008542.jpg,./sample_episode_images/episode_200/right/frame_000313.jpg,./sample_episode_images/episode_200/left/frame_008542.jpg
fold the garment on the table,"[0.3101901113986969, 0.5211855173110962, -1.1600109338760376, 1.5822126865386963, -0.5125316977500916, 0.43838924169540405, -0.10726096481084824, 0.4020816683769226, -0.854415237903595, 1.6183462142944336, 0.33512210845947266, 0.42240920662879944]","[0.29519766569137573, 0.12071860581636429, -0.2937867343425751, 1.6021246910095215, -0.5133268237113953, 0.19672711193561554, -0.07476318627595901, 0.15402111411094666, -0.24411024153232574, 1.5605297088623047, 0.3157525062561035, 0.28985413908958435]",10.433333396911621,68272,200,313,0,./sample_episode_images/episode_200/top/frame_008543.jpg,./sample_episode_images/episode_200/right/frame_000314.jpg,./sample_episode_images/episode_200/left/frame_008543.jpg
fold the garment on the table,"[0.29244670271873474, 0.4103098213672638, -1.0495691299438477, 1.5864673852920532, -0.512645959854126, 0.3708568811416626, -0.09749333560466766, 0.32736146450042725, -0.7429124116897583, 1.602866768836975, 0.3297033905982971, 0.3853451907634735]","[0.29376116394996643, 0.02327105589210987, -0.11824450641870499, 1.5246719121932983, -0.5118787884712219, 0.0363774411380291, -0.05642504617571831, 0.07372574508190155, -0.09025396406650543, 1.473036766052246, 0.3157525062561035, 0.17709562182426453]",10.466666221618652,68273,200,314,0,./sample_episode_images/episode_200/top/frame_008544.jpg,./sample_episode_images/episode_200/right/frame_000315.jpg,./sample_episode_images/episode_200/left/frame_008544.jpg
fold the garment on the table,"[0.2800370156764984, 0.2995821535587311, -0.9382877945899963, 1.5694525241851807, -0.5123397707939148, 0.2772952616214752, -0.0870308130979538, 0.2533878982067108, -0.6313146948814392, 1.5674370527267456, 0.32581719756126404, 0.3270968794822693]","[0.28370577096939087, -0.07563093304634094, 0.05139715224504471, 1.4443506002426147, -0.5104307532310486, -0.09508039057254791, -0.04514003545045853, -0.003649789374321699, 0.06509606540203094, 1.3898468017578125, 0.3143041133880615, 0.09252672642469406]",10.5,68274,200,315,0,./sample_episode_images/episode_200/top/frame_008545.jpg,./sample_episode_images/episode_200/right/frame_000316.jpg,./sample_episode_images/episode_200/left/frame_008545.jpg
fold the garment on the table,"[0.27252164483070374, 0.18955743312835693, -0.8272103667259216, 1.5342891216278076, -0.5117395520210266, 0.17439430952072144, -0.07559388130903244, 0.17944324016571045, -0.5200283527374268, 1.5179892778396606, 0.32260170578956604, 0.26149696111679077]","[0.2707774043083191, -0.18325957655906677, 0.21366308629512787, 1.3439488410949707, -0.47712603211402893, -0.14708568155765533, -0.04090815782546997, -0.08540506660938263, 0.21148358285427094, 1.3281713724136353, 0.3143041133880615, 0.022794485092163086]",10.533333778381348,68275,200,316,0,./sample_episode_images/episode_200/top/frame_008546.jpg,./sample_episode_images/episode_200/right/frame_000317.jpg,./sample_episode_images/episode_200/left/frame_008546.jpg
fold the garment on the table,"[0.26810094714164734, 0.08021751046180725, -0.7159704566001892, 1.4811655282974243, -0.5020656585693359, 0.08444856852293015, -0.06399321556091309, 0.1047988086938858, -0.4091808497905731, 1.4641084671020508, 0.32025742530822754, 0.1947704404592514]","[0.23342880606651306, -0.28216156363487244, 0.3316746652126312, 1.255021572113037, -0.4105166494846344, -0.12830600142478943, -0.04090815782546997, -0.16570043563842773, 0.3279961049556732, 1.2894450426101685, 0.3143041133880615, -0.04397042840719223]",10.566666603088379,68276,200,317,0,./sample_episode_images/episode_200/top/frame_008547.jpg,./sample_episode_images/episode_200/right/frame_000318.jpg,./sample_episode_images/episode_200/left/frame_008547.jpg
fold the garment on the table,"[0.2626785933971405, -0.028255367651581764, -0.6051216721534729, 1.4172053337097168, -0.47654813528060913, 0.02494775876402855, -0.05355461314320564, 0.028736131265759468, -0.298628032207489, 1.4137099981307983, 0.3185475766658783, 0.12805908918380737]","[0.20182614028453827, -0.3781546652317047, 0.43640995025634766, 1.177568793296814, -0.3511473834514618, -0.1254168152809143, -0.04090815782546997, -0.2518354654312134, 0.42508986592292786, 1.256455898284912, 0.29837164282798767, -0.143375962972641]",10.600000381469727,68277,200,318,0,./sample_episode_images/episode_200/top/frame_008548.jpg,./sample_episode_images/episode_200/right/frame_000319.jpg,./sample_episode_images/episode_200/left/frame_008548.jpg
fold the garment on the table,"[0.25214627385139465, -0.13517436385154724, -0.4946056604385376, 1.3486990928649902, -0.4415505826473236, -0.017050137743353844, -0.04536522924900055, -0.04947057366371155, -0.18804949522018433, 1.3681695461273193, 0.3128741383552551, 0.05221475288271904]","[0.1730964332818985, -0.471238911151886, 0.544095516204834, 1.1201963424682617, -0.3163946568965912, -0.1181938573718071, -0.04090815782546997, -0.3496498167514801, 0.5191961526870728, 1.2249010801315308, 0.2708519399166107, -0.13595764338970184]",10.633333206176758,68278,200,319,0,./sample_episode_images/episode_200/top/frame_008549.jpg,./sample_episode_images/episode_200/right/frame_000320.jpg,./sample_episode_images/episode_200/left/frame_008549.jpg
fold the garment on the table,"[0.23514428734779358, -0.23986487090587616, -0.38441336154937744, 1.2825496196746826, -0.4065726101398468, -0.0452539324760437, -0.039773255586624146, -0.13109050691127777, -0.07731997221708298, 1.3269633054733276, 0.3010999262332916, -0.00040752513450570405]","[0.16878698766231537, -0.5570509433746338, 0.6473556756973267, 1.0886415243148804, -0.30770647525787354, -0.1181938573718071, -0.042318783700466156, -0.4372447729110718, 0.5923898816108704, 1.2162952423095703, 0.25636786222457886, -0.13595764338970184]",10.666666984558105,68279,200,320,0,./sample_episode_images/episode_200/top/frame_008550.jpg,./sample_episode_images/episode_200/right/frame_000321.jpg,./sample_episode_images/episode_200/left/frame_008550.jpg
fold the garment on the table,"[0.2148282825946808, -0.3415822386741638, -0.2745072543621063, 1.2253801822662354, -0.3788635730743408, -0.06556224822998047, -0.03679084777832031, -0.2164917290210724, 0.03324339911341667, 1.2942991256713867, 0.2885521650314331, -0.03827791288495064]","[0.17022347450256348, -0.6355907320976257, 0.738814651966095, 1.081470012664795, -0.3062584400177002, -0.1181938573718071, -0.042318783700466156, -0.5204599499702454, 0.6536336541175842, 1.2162952423095703, 0.238986998796463, -0.134473979473114]",10.699999809265137,68280,200,321,0,./sample_episode_images/episode_200/top/frame_008551.jpg,./sample_episode_images/episode_200/right/frame_000322.jpg,./sample_episode_images/episode_200/left/frame_008551.jpg
fold the garment on the table,"[0.19658957421779633, -0.439350426197052, -0.16472332179546356, 1.1818150281906128, -0.3584645688533783, -0.08019105345010757, -0.036027729511260986, -0.3045025169849396, 0.1438555121421814, 1.270819902420044, 0.27466705441474915, -0.06513740867376328]","[0.17022347450256348, -0.7228571772575378, 0.8228979110717773, 1.08003568649292, -0.3033623993396759, -0.1181938573718071, -0.036676280200481415, -0.6095148324966431, 0.7253336906433105, 1.2162952423095703, 0.20132844150066376, -0.134473979473114]",10.733333587646484,68281,200,322,0,./sample_episode_images/episode_200/top/frame_008552.jpg,./sample_episode_images/episode_200/right/frame_000323.jpg,./sample_episode_images/episode_200/left/frame_008552.jpg
fold the garment on the table,"[0.18343408405780792, -0.5328941345214844, -0.05469179525971413, 1.150508999824524, -0.34297165274620056, -0.09074781835079193, -0.0361715666949749, -0.39394307136535645, 0.25460541248321533, 1.2542686462402344, 0.25417429208755493, -0.08449108898639679]","[0.16160455346107483, -0.8072147965431213, 0.8907545804977417, 1.081470012664795, -0.30191436409950256, -0.1181938573718071, -0.02398064360022545, -0.688350260257721, 0.7970336675643921, 1.2005177736282349, 0.16077306866645813, -0.134473979473114]",10.766666412353516,68282,200,323,0,./sample_episode_images/episode_200/top/frame_008553.jpg,./sample_episode_images/episode_200/right/frame_000324.jpg,./sample_episode_images/episode_200/left/frame_008553.jpg
fold the garment on the table,"[0.17442120611667633, -0.6224178671836853, 0.05558303743600845, 1.128844976425171, -0.3314374089241028, -0.09835931658744812, -0.03492528572678566, -0.48309627175331116, 0.36558476090431213, 1.2386837005615234, 0.22809210419654846, -0.09845458716154099]","[0.16016808152198792, -0.8973901271820068, 0.9482852220535278, 1.084338665008545, -0.27005767822265625, -0.1181938573718071, -0.001410626107826829, -0.7671856880187988, 0.8911399841308594, 1.1460139751434326, 0.1303565353155136, -0.134473979473114]",10.800000190734863,68283,200,324,0,./sample_episode_images/episode_200/top/frame_008554.jpg,./sample_episode_images/episode_200/right/frame_000325.jpg,./sample_episode_images/episode_200/left/frame_008554.jpg
fold the garment on the table,"[0.16829043626785278, -0.7087675333023071, 0.16608382761478424, 1.1145594120025635, -0.31426292657852173, -0.10385746508836746, -0.029427440837025642, -0.5699870586395264, 0.47688838839530945, 1.213464617729187, 0.20080776512622833, -0.10855837911367416]","[0.16735050082206726, -1.0021098852157593, 1.0146666765213013, 1.084338665008545, -0.18462388217449188, -0.1181938573718071, 0.018338140100240707, -0.8591604232788086, 1.022589921951294, 1.055652379989624, 0.11442407220602036, -0.134473979473114]",10.833333015441895,68284,200,325,0,./sample_episode_images/episode_200/top/frame_008555.jpg,./sample_episode_images/episode_200/right/frame_000326.jpg,./sample_episode_images/episode_200/left/frame_008555.jpg
fold the garment on the table,"[0.1657022088766098, -0.794623851776123, 0.276834636926651, 1.1049500703811646, -0.2780463397502899, -0.10784303396940231, -0.018702156841754913, -0.6552138328552246, 0.5883731842041016, 1.1708347797393799, 0.17667558789253235, -0.11587303876876831]","[0.16016808152198792, -1.1068296432495117, 1.079573154449463, 1.078601360321045, -0.1020861491560936, -0.1181938573718071, 0.019748765975236893, -0.9482152462005615, 1.1495587825775146, 0.9825025796890259, 0.11297567188739777, -0.134473979473114]",10.866666793823242,68285,200,326,0,./sample_episode_images/episode_200/top/frame_008556.jpg,./sample_episode_images/episode_200/right/frame_000327.jpg,./sample_episode_images/episode_200/left/frame_008556.jpg
fold the garment on the table,"[0.16438676416873932, -0.8829542398452759, 0.38777297735214233, 1.0969622135162354, -0.2288835495710373, -0.11072330176830292, -0.006523370277136564, -0.7403551340103149, 0.6996178030967712, 1.1185981035232544, 0.15882505476474762, -0.12110473960638046]","[0.16016808152198792, -1.2231849431991577, 1.15038001537323, 1.081470012664795, -0.04706099256873131, -0.1181938573718071, 0.012695635668933392, -1.0489494800567627, 1.2615900039672852, 0.9423419237136841, 0.11297567188739777, -0.134473979473114]",10.899999618530273,68286,200,327,0,./sample_episode_images/episode_200/top/frame_008557.jpg,./sample_episode_images/episode_200/right/frame_000328.jpg,./sample_episode_images/episode_200/left/frame_008557.jpg
fold the garment on the table,"[0.1630544662475586, -0.9767017364501953, 0.49872756004333496, 1.0920403003692627, -0.17803657054901123, -0.11279918253421783, 0.0022224504500627518, -0.8279188871383667, 0.8106300234794617, 1.0686315298080444, 0.14594097435474396, -0.12482982128858566]","[0.16016808152198792, -1.3671746253967285, 1.2329881191253662, 1.08577299118042, -0.03692477568984032, -0.1181938573718071, 0.016927514225244522, -1.177422046661377, 1.3542025089263916, 0.9380390048027039, 0.11297567188739777, -0.134473979473114]",10.933333396911621,68287,200,328,0,./sample_episode_images/episode_200/top/frame_008558.jpg,./sample_episode_images/episode_200/right/frame_000329.jpg,./sample_episode_images/episode_200/left/frame_008558.jpg
fold the garment on the table,"[0.16204029321670532, -1.0807323455810547, 0.60979163646698, 1.0901180505752563, -0.13852888345718384, -0.11431237310171127, 0.007781512103974819, -0.9237823486328125, 0.9215377569198608, 1.0309282541275024, 0.1366879642009735, -0.1274874061346054]","[0.16016808152198792, -1.5097098350524902, 1.3155962228775024, 1.0986816883087158, -0.03692477568984032, -0.1181938573718071, 0.022570017725229263, -1.302974820137024, 1.4318774938583374, 0.9552506804466248, 0.11587247997522354, -0.134473979473114]",10.966666221618652,68288,200,329,0,./sample_episode_images/episode_200/top/frame_008559.jpg,./sample_episode_images/episode_200/right/frame_000330.jpg,./sample_episode_images/episode_200/left/frame_008559.jpg
fold the garment on the table,"[0.16129079461097717, -1.1918716430664062, 0.7207978367805481, 1.0920660495758057, -0.11007127910852432, -0.11539150029420853, 0.012369748204946518, -1.0302155017852783, 1.0324560403823853, 1.0086138248443604, 0.1308467835187912, -0.12939953804016113]","[0.16016808152198792, -1.6566083431243896, 1.3834528923034668, 1.157488465309143, -0.03258068487048149, -0.1181938573718071, 0.018338140100240707, -1.4314473867416382, 1.4811713695526123, 1.0226632356643677, 0.11587247997522354, -0.134473979473114]",11.0,68289,200,330,0,./sample_episode_images/episode_200/top/frame_008560.jpg,./sample_episode_images/episode_200/right/frame_000331.jpg,./sample_episode_images/episode_200/left/frame_008560.jpg
fold the garment on the table,"[0.16076472401618958, -1.3034400939941406, 0.8315446972846985, 1.1086454391479492, -0.08837036043405533, -0.11611223220825195, 0.015217305161058903, -1.1406558752059937, 1.1430456638336182, 1.0104267597198486, 0.1266307681798935, -0.1307322382926941]","[0.16016808152198792, -1.738057017326355, 1.427707314491272, 1.2177294492721558, -0.03402871638536453, -0.1181938573718071, 0.015516887418925762, -1.5803587436676025, 1.5035775899887085, 1.1288022994995117, 0.11442407220602036, -0.13299031555652618]",11.033333778381348,68290,200,331,0,./sample_episode_images/episode_200/top/frame_008561.jpg,./sample_episode_images/episode_200/right/frame_000332.jpg,./sample_episode_images/episode_200/left/frame_008561.jpg
fold the garment on the table,"[0.1604059785604477, -1.4149311780929565, 0.9423822164535522, 1.1381901502609253, -0.0731470063328743, -0.11665969341993332, 0.01597151905298233, -1.2515171766281128, 1.245718002319336, 1.0435490608215332, 0.12320325523614883, -0.13134193420410156]","[0.16016808152198792, -1.6842427253723145, 1.435083031654358, 1.2234667539596558, -0.0311326552182436, -0.11674926429986954, 0.014106261543929577, -1.714671015739441, 1.5229963064193726, 1.2119922637939453, 0.11152726411819458, -0.134473979473114]",11.066666603088379,68291,200,332,0,./sample_episode_images/episode_200/top/frame_008562.jpg,./sample_episode_images/episode_200/right/frame_000333.jpg,./sample_episode_images/episode_200/left/frame_008562.jpg
fold the garment on the table,"[0.1599166989326477, -1.5101553201675415, 1.0533398389816284, 1.1622419357299805, -0.061385173350572586, -0.11667762696743011, 0.015549509786069393, -1.3621734380722046, 1.3339191675186157, 1.0940200090408325, 0.11994132399559021, -0.13232114911079407]","[0.16016808152198792, -1.6464272737503052, 1.4321327209472656, 1.2148609161376953, -0.0311326552182436, -0.11674926429986954, 0.021159391850233078, -1.707371473312378, 1.5244901180267334, 1.2062550783157349, 0.11297567188739777, -0.134473979473114]",11.100000381469727,68292,200,333,0,./sample_episode_images/episode_200/top/frame_008563.jpg,./sample_episode_images/episode_200/right/frame_000334.jpg,./sample_episode_images/episode_200/left/frame_008563.jpg
fold the garment on the table,"[0.15955938398838043, -1.5622056722640991, 1.1572545766830444, 1.1788238286972046, -0.052911341190338135, -0.11672130972146988, 0.01623423956334591, -1.4592411518096924, 1.4028948545455933, 1.1317390203475952, 0.11801616102457047, -0.13312241435050964]","[0.16016808152198792, -1.6478817462921143, 1.4483592510223389, 1.2062550783157349, -0.03402871638536453, -0.11674926429986954, 0.014106261543929577, -1.653354525566101, 1.5125401020050049, 1.1876089572906494, 0.11442407220602036, -0.134473979473114]",11.133333206176758,68293,200,334,0,./sample_episode_images/episode_200/top/frame_008564.jpg,./sample_episode_images/episode_200/right/frame_000335.jpg,./sample_episode_images/episode_200/left/frame_008564.jpg
fold the garment on the table,"[0.15962305665016174, -1.5861537456512451, 1.2478961944580078, 1.1888251304626465, -0.047618668526411057, -0.11678774654865265, 0.01595204509794712, -1.516624093055725, 1.4461984634399414, 1.1518715620040894, 0.11700744926929474, -0.13362807035446167]","[0.16016808152198792, -1.665334939956665, 1.4778622388839722, 1.2019520998001099, -0.035476747900247574, -0.11674926429986954, 0.014106261543929577, -1.6445950269699097, 1.511046290397644, 1.184740424156189, 0.11587247997522354, -0.134473979473114]",11.166666984558105,68294,200,335,0,./sample_episode_images/episode_200/top/frame_008565.jpg,./sample_episode_images/episode_200/right/frame_000336.jpg,./sample_episode_images/episode_200/left/frame_008565.jpg
fold the garment on the table,"[0.159834623336792, -1.603720784187317, 1.3245940208435059, 1.1950136423110962, -0.044217851012945175, -0.11685611307621002, 0.01528982724994421, -1.552341341972351, 1.472820520401001, 1.1635582447052002, 0.11669500172138214, -0.1339370310306549]","[0.16016808152198792, -1.694423794746399, 1.5176911354064941, 1.2005177736282349, -0.03692477568984032, -0.11963844299316406, 0.014106261543929577, -1.6548144817352295, 1.5125401020050049, 1.1861746311187744, 0.11587247997522354, -0.134473979473114]",11.199999809265137,68295,200,336,0,./sample_episode_images/episode_200/top/frame_008566.jpg,./sample_episode_images/episode_200/right/frame_000337.jpg,./sample_episode_images/episode_200/left/frame_008566.jpg
fold the garment on the table,"[0.15999490022659302, -1.6244747638702393, 1.3893743753433228, 1.198856234550476, -0.04217546805739403, -0.1177123412489891, 0.014854702167212963, -1.5801013708114624, 1.4895991086959839, 1.1710445880889893, 0.11629588156938553, -0.1341812014579773]","[0.16016808152198792, -1.7075138092041016, 1.5206414461135864, 1.2005177736282349, -0.03692477568984032, -0.12252762913703918, 0.014106261543929577, -1.6781731843948364, 1.5170212984085083, 1.1876089572906494, 0.11587247997522354, -0.134473979473114]",11.233333587646484,68296,200,337,0,./sample_episode_images/episode_200/top/frame_008567.jpg,./sample_episode_images/episode_200/right/frame_000338.jpg,./sample_episode_images/episode_200/left/frame_008567.jpg
fold the garment on the table,"[0.16006503999233246, -1.6437816619873047, 1.4390603303909302, 1.2022992372512817, -0.04070714861154556, -0.11915380507707596, 0.014636453241109848, -1.6074057817459106, 1.4984349012374878, 1.1753541231155396, 0.1160988062620163, -0.13426855206489563]","[0.16016808152198792, -1.7075138092041016, 1.5206414461135864, 1.2005177736282349, -0.03692477568984032, -0.12397222220897675, 0.014106261543929577, -1.7015317678451538, 1.5244901180267334, 1.1890432834625244, 0.11587247997522354, -0.134473979473114]",11.266666412353516,68297,200,338,0,./sample_episode_images/episode_200/top/frame_008568.jpg,./sample_episode_images/episode_200/right/frame_000339.jpg,./sample_episode_images/episode_200/left/frame_008568.jpg
fold the garment on the table,"[0.1600840985774994, -1.6586973667144775, 1.4730790853500366, 1.2044703960418701, -0.039649732410907745, -0.12058577686548233, 0.014457815326750278, -1.6337449550628662, 1.5064586400985718, 1.1794962882995605, 0.11604104936122894, -0.13433517515659332]","[0.16016808152198792, -1.7075138092041016, 1.5206414461135864, 1.2005177736282349, -0.03692477568984032, -0.12397222220897675, 0.014106261543929577, -1.707371473312378, 1.5259838104248047, 1.1890432834625244, 0.11587247997522354, -0.134473979473114]",11.300000190734863,68298,200,339,0,./sample_episode_images/episode_200/top/frame_008569.jpg,./sample_episode_images/episode_200/right/frame_000340.jpg,./sample_episode_images/episode_200/left/frame_008569.jpg
fold the garment on the table,"[0.16009211540222168, -1.6701546907424927, 1.494697093963623, 1.2053722143173218, -0.03888774663209915, -0.12159766256809235, 0.014331433922052383, -1.6551244258880615, 1.512519121170044, 1.1822729110717773, 0.11599455028772354, -0.134372279047966]","[0.16016808152198792, -1.7075138092041016, 1.5206414461135864, 1.2005177736282349, -0.03692477568984032, -0.12397222220897675, 0.014106261543929577, -1.704451560974121, 1.5259838104248047, 1.1876089572906494, 0.11587247997522354, -0.134473979473114]",11.333333015441895,68299,200,340,0,./sample_episode_images/episode_200/top/frame_008570.jpg,./sample_episode_images/episode_200/right/frame_000341.jpg,./sample_episode_images/episode_200/left/frame_008570.jpg
fold the garment on the table,"[0.16010001301765442, -1.6791704893112183, 1.5075366497039795, 1.2053625583648682, -0.038338713347911835, -0.12230504304170609, 0.014246189035475254, -1.6699492931365967, 1.516473650932312, 1.183732509613037, 0.11596072465181351, -0.13439364731311798]","[0.16016808152198792, -1.7075138092041016, 1.5206414461135864, 1.2005177736282349, -0.03692477568984032, -0.12397222220897675, 0.014106261543929577, -1.704451560974121, 1.5259838104248047, 1.1876089572906494, 0.11587247997522354, -0.134473979473114]",11.366666793823242,68300,200,341,0,./sample_episode_images/episode_200/top/frame_008571.jpg,./sample_episode_images/episode_200/right/frame_000342.jpg,./sample_episode_images/episode_200/left/frame_008571.jpg
fold the garment on the table,"[0.16011013090610504, -1.6862972974777222, 1.514618158340454, 1.2048165798187256, -0.037943124771118164, -0.12279672175645828, 0.014194958843290806, -1.6802698373794556, 1.5191291570663452, 1.1847413778305054, 0.11593613028526306, -0.13440965116024017]","[0.16016808152198792, -1.7075138092041016, 1.5206414461135864, 1.2005177736282349, -0.03692477568984032, -0.12397222220897675, 0.014106261543929577, -1.704451560974121, 1.5259838104248047, 1.1876089572906494, 0.11587247997522354, -0.134473979473114]",11.399999618530273,68301,200,342,0,./sample_episode_images/episode_200/top/frame_008572.jpg,./sample_episode_images/episode_200/right/frame_000343.jpg,./sample_episode_images/episode_200/left/frame_008572.jpg
fold the garment on the table,"[0.16012133657932281, -1.6918805837631226, 1.5181853771209717, 1.2040387392044067, -0.03765811026096344, -0.12313807755708694, 0.014162605628371239, -1.6875231266021729, 1.5209931135177612, 1.1854748725891113, 0.1159183457493782, -0.13442258536815643]","[0.16016808152198792, -1.7075138092041016, 1.5206414461135864, 1.2005177736282349, -0.03692477568984032, -0.12397222220897675, 0.014106261543929577, -1.704451560974121, 1.5259838104248047, 1.1876089572906494, 0.11587247997522354, -0.134473979473114]",11.433333396911621,68302,200,343,0,./sample_episode_images/episode_200/top/frame_008573.jpg,./sample_episode_images/episode_200/right/frame_000344.jpg,./sample_episode_images/episode_200/left/frame_008573.jpg
fold the garment on the table,"[0.16013221442699432, -1.6961818933486938, 1.5197665691375732, 1.203231930732727, -0.03745278716087341, -0.12337584793567657, 0.014141913503408432, -1.6926090717315674, 1.5223355293273926, 1.1860183477401733, 0.11590550094842911, -0.13443323969841003]","[0.16016808152198792, -1.7075138092041016, 1.5206414461135864, 1.2005177736282349, -0.03692477568984032, -0.12397222220897675, 0.014106261543929577, -1.704451560974121, 1.5259838104248047, 1.1876089572906494, 0.11587247997522354, -0.134473979473114]",11.466666221618652,68303,200,344,0,./sample_episode_images/episode_200/top/frame_008574.jpg,./sample_episode_images/episode_200/right/frame_000345.jpg,./sample_episode_images/episode_200/left/frame_008574.jpg
fold the garment on the table,"[0.16014166176319122, -1.6994297504425049, 1.5203274488449097, 1.2025107145309448, -0.03730491176247597, -0.12354259192943573, 0.014128654263913631, -1.6961673498153687, 1.5233194828033447, 1.1864262819290161, 0.11589624732732773, -0.1344420462846756]","[0.16016808152198792, -1.7075138092041016, 1.5206414461135864, 1.2005177736282349, -0.03692477568984032, -0.12397222220897675, 0.014106261543929577, -1.704451560974121, 1.5259838104248047, 1.1876089572906494, 0.11587247997522354, -0.134473979473114]",11.5,68304,200,345,0,./sample_episode_images/episode_200/top/frame_008575.jpg,./sample_episode_images/episode_200/right/frame_000346.jpg,./sample_episode_images/episode_200/left/frame_008575.jpg
fold the garment on the table,"[0.1601492017507553, -1.701830267906189, 1.5204315185546875, 1.2019230127334595, -0.03719840571284294, -0.12366065382957458, 0.014120171777904034, -1.6986538171768188, 1.5240474939346313, 1.1867332458496094, 0.11588958650827408, -0.13444922864437103]","[0.16016808152198792, -1.7075138092041016, 1.5206414461135864, 1.2005177736282349, -0.03692477568984032, -0.12397222220897675, 0.014106261543929577, -1.704451560974121, 1.5259838104248047, 1.1876089572906494, 0.11587247997522354, -0.134473979473114]",11.533333778381348,68305,200,346,0,./sample_episode_images/episode_200/top/frame_008576.jpg,./sample_episode_images/episode_200/right/frame_000347.jpg,./sample_episode_images/episode_200/left/frame_008576.jpg
fold the garment on the table,"[0.16015487909317017, -1.7035688161849976, 1.5203784704208374, 1.2014745473861694, -0.037121716886758804, -0.12374509125947952, 0.014114771038293839, -1.7003905773162842, 1.524586796760559, 1.1869639158248901, 0.11588481068611145, -0.13445502519607544]","[0.16016808152198792, -1.7075138092041016, 1.5206414461135864, 1.2005177736282349, -0.03692477568984032, -0.1254168152809143, 0.014106261543929577, -1.704451560974121, 1.5259838104248047, 1.1876089572906494, 0.11587247997522354, -0.134473979473114]",11.566666603088379,68306,200,347,0,./sample_episode_images/episode_200/top/frame_008577.jpg,./sample_episode_images/episode_200/right/frame_000348.jpg,./sample_episode_images/episode_200/left/frame_008577.jpg
fold the garment on the table,"[0.16015905141830444, -1.70480477809906, 1.5203073024749756, 1.201148271560669, -0.037066493183374405, -0.12420940399169922, 0.014111352153122425, -1.7016037702560425, 1.5249842405319214, 1.1871368885040283, 0.11588136106729507, -0.13445965945720673]","[0.16016808152198792, -1.7075138092041016, 1.5206414461135864, 1.2005177736282349, -0.03692477568984032, -0.1254168152809143, 0.014106261543929577, -1.704451560974121, 1.5259838104248047, 1.1876089572906494, 0.11587247997522354, -0.134473979473114]",11.600000381469727,68307,200,348,0,./sample_episode_images/episode_200/top/frame_008578.jpg,./sample_episode_images/episode_200/right/frame_000349.jpg,./sample_episode_images/episode_200/left/frame_008578.jpg
fold the garment on the table,"[0.16016191244125366, -1.705666184425354, 1.5202709436416626, 1.2009243965148926, -0.037026774138212204, -0.1245451271533966, 0.014109211973845959, -1.7024517059326172, 1.5252751111984253, 1.1872655153274536, 0.1158788800239563, -0.13446323573589325]","[0.16016808152198792, -1.7075138092041016, 1.5206414461135864, 1.2005177736282349, -0.03692477568984032, -0.1254168152809143, 0.014106261543929577, -1.704451560974121, 1.5259838104248047, 1.1876089572906494, 0.11587247997522354, -0.134473979473114]",11.633333206176758,68308,200,349,0,./sample_episode_images/episode_200/top/frame_008579.jpg,./sample_episode_images/episode_200/right/frame_000350.jpg,./sample_episode_images/episode_200/left/frame_008579.jpg
fold the garment on the table,"[0.16016389429569244, -1.7062586545944214, 1.5202761888504028, 1.2007752656936646, -0.03699818253517151, -0.12478747218847275, 0.014107894152402878, -1.70304536819458, 1.5254857540130615, 1.1873605251312256, 0.11587709933519363, -0.13446596264839172]","[0.16016808152198792, -1.7075138092041016, 1.5206414461135864, 1.2005177736282349, -0.03692477568984032, -0.1254168152809143, 0.014106261543929577, -1.704451560974121, 1.5259838104248047, 1.1876089572906494, 0.11587247997522354, -0.134473979473114]",11.666666984558105,68309,200,350,0,./sample_episode_images/episode_200/top/frame_008580.jpg,./sample_episode_images/episode_200/right/frame_000351.jpg,./sample_episode_images/episode_200/left/frame_008580.jpg
fold the garment on the table,"[0.1601652204990387, -1.7066617012023926, 1.5203123092651367, 1.2006794214248657, -0.0369776226580143, -0.12496249377727509, 0.014107098802924156, -1.703461766242981, 1.5256365537643433, 1.1874302625656128, 0.11587580293416977, -0.13446806371212006]","[0.16016808152198792, -1.7075138092041016, 1.5206414461135864, 1.2005177736282349, -0.03692477568984032, -0.1254168152809143, 0.014106261543929577, -1.704451560974121, 1.5259838104248047, 1.1876089572906494, 0.11587247997522354, -0.134473979473114]",11.699999809265137,68310,200,351,0,./sample_episode_images/episode_200/top/frame_008581.jpg,./sample_episode_images/episode_200/right/frame_000352.jpg,./sample_episode_images/episode_200/left/frame_008581.jpg
fold the garment on the table,"[0.1601661741733551, -1.7069339752197266, 1.5203648805618286, 1.2006193399429321, -0.036962807178497314, -0.12508894503116608, 0.014106630347669125, -1.703754186630249, 1.5257434844970703, 1.1874805688858032, 0.11587488651275635, -0.1344696283340454]","[0.16016808152198792, -1.7075138092041016, 1.5206414461135864, 1.2005177736282349, -0.03692477568984032, -0.1254168152809143, 0.014106261543929577, -1.704451560974121, 1.5259838104248047, 1.1876089572906494, 0.11587247997522354, -0.134473979473114]",11.733333587646484,68311,200,352,0,./sample_episode_images/episode_200/top/frame_008582.jpg,./sample_episode_images/episode_200/right/frame_000353.jpg,./sample_episode_images/episode_200/left/frame_008582.jpg
fold the garment on the table,"[0.1601666659116745, -1.707116961479187, 1.520422101020813, 1.2005823850631714, -0.03695216029882431, -0.12518033385276794, 0.014106367714703083, -1.7039599418640137, 1.5258183479309082, 1.1875169277191162, 0.11587420850992203, -0.13447077572345734]","[0.16016808152198792, -1.7075138092041016, 1.5206414461135864, 1.2005177736282349, -0.03692477568984032, -0.1254168152809143, 0.014106261543929577, -1.704451560974121, 1.5259838104248047, 1.1876089572906494, 0.11587247997522354, -0.134473979473114]",11.766666412353516,68312,200,353,0,./sample_episode_images/episode_200/top/frame_008583.jpg,./sample_episode_images/episode_200/right/frame_000354.jpg,./sample_episode_images/episode_200/left/frame_008583.jpg
fold the garment on the table,"[0.1601671427488327, -1.7072399854660034, 1.520474910736084, 1.2005599737167358, -0.03694448992609978, -0.1252463012933731, 0.01410622987896204, -1.7041047811508179, 1.5258702039718628, 1.1875431537628174, 0.11587373167276382, -0.13447172939777374]","[0.16016808152198792, -1.7075138092041016, 1.5206414461135864, 1.2005177736282349, -0.03692477568984032, -0.1254168152809143, 0.014106261543929577, -1.704451560974121, 1.5259838104248047, 1.1876089572906494, 0.11587247997522354, -0.134473979473114]",11.800000190734863,68313,200,354,0,./sample_episode_images/episode_200/top/frame_008584.jpg,./sample_episode_images/episode_200/right/frame_000355.jpg,./sample_episode_images/episode_200/left/frame_008584.jpg
fold the garment on the table,"[0.16016754508018494, -1.7073233127593994, 1.5205200910568237, 1.2005466222763062, -0.036938972771167755, -0.12529388070106506, 0.014106163755059242, -1.7042073011398315, 1.525905966758728, 1.1875618696212769, 0.11587339639663696, -0.13447220623493195]","[0.16016808152198792, -1.7075138092041016, 1.5206414461135864, 1.2005177736282349, -0.03692477568984032, -0.1254168152809143, 0.014106261543929577, -1.704451560974121, 1.5259838104248047, 1.1876089572906494, 0.11587247997522354, -0.134473979473114]",11.833333015441895,68314,200,355,0,./sample_episode_images/episode_200/top/frame_008585.jpg,./sample_episode_images/episode_200/right/frame_000356.jpg,./sample_episode_images/episode_200/left/frame_008585.jpg
fold the garment on the table,"[0.16016754508018494, -1.7073801755905151, 1.5205557346343994, 1.200538158416748, -0.036934997886419296, -0.1253281980752945, 0.014106141403317451, -1.7042793035507202, 1.5259302854537964, 1.1875752210617065, 0.11587315797805786, -0.13447268307209015]","[0.16016808152198792, -1.7075138092041016, 1.5206414461135864, 1.2005177736282349, -0.03692477568984032, -0.1254168152809143, 0.014106261543929577, -1.704451560974121, 1.5259838104248047, 1.1876089572906494, 0.11587247997522354, -0.134473979473114]",11.866666793823242,68315,200,356,0,./sample_episode_images/episode_200/top/frame_008586.jpg,./sample_episode_images/episode_200/right/frame_000357.jpg,./sample_episode_images/episode_200/left/frame_008586.jpg
